Workbook

Sheet Bến Cát
A1: BIỄU MẪU KIỂM TRA HỆ THỐNG CHIẾU SÁNG TRÊN ĐỊA BÀN PHƯỜNG BẾN CÁT
A3: STT (Theo danh sách Trung tâm) | B3: Tên tủ điều khiển | C3: Tên tủ điều khiển MỚI | D3: Mã QR tủ điều khiển | E3: MÃ PE (Nếu có) | F3: Định vị | G3: Tuyến đường | H3: Phường/Xã | I3: Địa chỉ tủ điều khiển | J3: Lý trình | K3: Chiều dài tuyến | N3: Trạm đèn | S3: Bộ đèn | AD3: Cần đèn | AJ3: Cáp | AL3: Đơn vị khảo sát | AM3: Ngày khảo sát | AN3: Ghi chú | AO3: Đánh giá
K4: Cáp ngầm | L4: Cáp nổi | M4: Tổng cộng | N4: dùng PLC | O4: dùng Timer | P4: Tủ KNTT | Q4: Loại tủ (Thép/ Composite) | R4: Tiếp địa (có hay không) | S4: HPS | W4: LED | X4: Khác (Pha, Trang trí, …) | Y4: Tổng cộng | Z4: Trụ đèn (Trừ các trụ do Điện lực quản lý) | AC4: Tổng cộng | AD4: Đơn | AF4: Đôi Ø60 | AG4: Ba Ø60 | AH4: Bốn Ø60 | AI4: Tổng cộng | AJ4: Cáp từ tủ ra đèn
S5: 100W | T5: 150W | U5: 250W | V5: Khác | Z5: Bê tông | AA5: Kim loại | AB5: TT | AD5: Ø49 | AE5: Ø60 | AJ5: Cáp đồng hay nhôm | AK5: Số sợi (1/2/3/4)
A6: (1) | B6: (2) | D6: (3) | E6: (4) | G6: (5) | H6: (6) | I6: (7) | J6: (8) | K6: (9) | L6: (10) | M6: (11) | N6: (12) | O6: (13) | P6: (14) | Q6: (15) | R6: (16) | S6: (17) | T6: (18) | U6: (19) | V6: (20) | W6: (21) | X6: (22) | Y6: (23) | Z6: (24) | AA6: (25) | AB6: (26) | AC6: (27) | AD6: (28) | AE6: (29) | AF6: (30) | AG6: (31) | AH6: (32) | AI6: (33) | AJ6: (34) | AK6: (35) | AL6: (36) | AM6: (37) | AN6: (38)
B7: =SUBTOTAL(3,B9:B9369) -> 176 | D7: =SUBTOTAL(3,D9:D9369) -> 176 | G7: =SUBTOTAL(3,G9:G9369) -> 176 | H7: =SUBTOTAL(3,H9:H9369) -> 176 | M7: =SUBTOTAL(9,M9:M9369) -> 103157 | S7: =SUBTOTAL(9,S9:S9369) -> 0 | T7: =SUBTOTAL(9,T9:T9369) -> 0 | U7: =SUBTOTAL(9,U9:U9369) -> 665 | V7: =SUBTOTAL(9,V9:V9369) -> 29 | W7: =SUBTOTAL(9,W9:W9369) -> 1632 | X7: =SUBTOTAL(9,X9:X9369) -> 3 | Y7: =SUBTOTAL(9,Y9:Y9369) -> 2329 | Z7: =SUBTOTAL(9,Z9:Z9369) -> 2221 | AA7: =SUBTOTAL(9,AA9:AA9369) -> 74 | AC7: =SUBTOTAL(9,AC9:AC9369) -> 2295 | AD7: =SUBTOTAL(9,AD9:AD9369) -> 68 | AE7: =SUBTOTAL(9,AE9:AE9369) -> 2217 | AF7: =SUBTOTAL(9,AF9:AF9369) -> 14 | AG7: =SUBTOTAL(9,AG9:AG9369) -> 0 | AH7: =SUBTOTAL(9,AH9:AH9369) -> 0 | AI7: =SUBTOTAL(9,AI9:AI9369) -> 2299
A9: 1710 | B9: Trạm CS Lai Hưng 141 | C9: Lai Hưng 141 | D9: 102407000 | E9: No.1611598810 | F9: =VLOOKUP(D9,'[1]Bến Cát'!$E$4:$F$177,2,0) -> 11.179202522906118, 106.63190998342895 | G9: Lai Hưng 141 | H9: Bến Cát | I9: ngay đầu đường Liên Hưng 141 | J9: 01 - 02 | L9: 180 | M9: =SUM(K9:L9) -> 180 | N9: T | O9: F | P9: F | Q9: Thép | R9: Không | W9: 6 | Y9: =SUM(S9:X9) -> 6 | Z9: 6 | AC9: =SUM(Z9:AB9) -> 6 | AE9: 6 | AI9: =SUM(AD9:AH9) -> 6 | AJ9: Nhôm | AK9: 3 | AL9: XN TCME | AM9: 46133 | AO9: Tạm chấp nhận
A10: 1804 | B10: Trạm CS ĐH 604 đường 2/9 Trạm 2 | C10: đường 2/9 ĐH 604-1 | D10: 102729000 | E10: No.25901727 | F10: =VLOOKUP(D10,'[1]Bến Cát'!$E$4:$F$177,2,0) -> 11.1474328, 106.6271701 | G10: đường 2/9 ĐH 604 | H10: Bến Cát | I10: trụ HT 01 lộ 7B | J10: 01 - 03 | L10: 1958 | M10: =SUM(K10:L10) -> 1958 | N10: T | O10: F | P10: F | Q10: Thép | R10: Không | U10: 26 | W10: 3 | Y10: =SUM(S10:X10) -> 29 | Z10: 29 | AC10: =SUM(Z10:AB10) -> 29 | AE10: 29 | AI10: =SUM(AD10:AH10) -> 29 | AJ10: Nhôm | AK10: 3 | AL10: XN TCME | AM10: 46133 | AO10: Đạt
A11: 1708 | B11: Trạm CS Lai Hưng 134 | C11: ĐH 601 | D11: 102052000 | E11: No.21001201 | F11: =VLOOKUP(D11,'[1]Bến Cát'!$E$4:$F$177,2,0) -> 11.183175321419446, 106.62606501263701 | G11: ĐH 601 | H11: Bến Cát | I11: TT 01 ông Khương | J11: 01 - 02 | L11: 400 | M11: =SUM(K11:L11) -> 400 | N11: F | O11: T | P11: F | Q11: Thép | R11: Có | W11: 10 | Y11: =SUM(S11:X11) -> 10 | Z11: 10 | AC11: =SUM(Z11:AB11) -> 10 | AE11: 10 | AI11: =SUM(AD11:AH11) -> 10 | AJ11: Nhôm | AK11: 3 | AL11: XN TCME | AM11: 46133 | AO11: Đạt
A12: 1724 | B12: Trạm CS đường 2/9 - KDC Hưng Phước (cotec) | C12: Giáp đường 2/9 - KDC Hưng Phước | D12: 100885000 | E12: No.241200030669 | F12: =VLOOKUP(D12,'[1]Bến Cát'!$E$4:$F$177,2,0) -> 11.1501617, 106.6190767 | G12: Giáp đường 2/9 - KDC Hưng Phước | H12: Bến Cát | I12: đối diện SN 222/45/2 | J12: 01 - 03 | L12: 284 | M12: =SUM(K12:L12) -> 284 | N12: T | O12: F | P12: F | Q12: Thép | R12: Có | W12: 11 | Y12: =SUM(S12:X12) -> 11 | Z12: 11 | AC12: =SUM(Z12:AB12) -> 11 | AE12: 11 | AI12: =SUM(AD12:AH12) -> 11 | AJ12: Nhôm | AK12: 3 | AL12: XN TCME | AM12: 46133 | AO12: Đạt
A13: 1706 | B13: Trạm CS Lai Hưng 131 | C13: Lai Hưng 131 | D13: 102053000 | E13: No.251200039414 | F13: =VLOOKUP(D13,'[1]Bến Cát'!$E$4:$F$177,2,0) -> 11.179095260067124, 106.62389276244438 | G13: Lai Hưng 131 | H13: Bến Cát | I13: HT-giao giữa đường Lai Hưng 99 và Lai Hưng 131 | J13: 01 - 03 | L13: 840 | M13: =SUM(K13:L13) -> 840 | N13: T | O13: F | P13: F | Q13: Thép | R13: Không | W13: 12 | Y13: =SUM(S13:X13) -> 12 | Z13: 12 | AC13: =SUM(Z13:AB13) -> 12 | AE13: 12 | AI13: =SUM(AD13:AH13) -> 12 | AJ13: Nhôm | AK13: 3 | AL13: XN TCME | AM13: 46133 | AO13: Tạm chấp nhận
A14: 1727 (1728) | B14: Trạm CS MP 119 đường 2/9 | C14: Mỹ Phước 119 | D14: 102731000 | E14: PB.86060 | F14: =VLOOKUP(D14,'[1]Bến Cát'!$E$4:$F$177,2,0) -> 11.1564574, 106.6070764 | G14: Mỹ Phước 119 | H14: Bến Cát | I14: trụ HT 1-5 CS08 | J14: 01 - 04 | L14: 555 | M14: =SUM(K14:L14) -> 555 | N14: F | O14: T | P14: F | Q14: Thép | R14: Có | W14: 19 | Y14: =SUM(S14:X14) -> 19 | Z14: 19 | AC14: =SUM(Z14:AB14) -> 19 | AE14: 19 | AI14: =SUM(AD14:AH14) -> 19 | AJ14: Nhôm | AK14: 2 | AL14: XN TCME | AM14: 46133 | AO14: Đạt
A15: 1750 | B15: Trạm CS giáp đường 2/9 - nhà ông 4 Lướt (MP105) | C15: Mỹ Phước 105 | D15: 100886000 | E15: No.211100268563 | F15: =VLOOKUP(D15,'[1]Bến Cát'!$E$4:$F$177,2,0) -> 11.1531997, 106.6159232 | G15: Mỹ Phước 105 | H15: Bến Cát | I15: SN 113 | J15: 01 - 02 | L15: 320 | M15: =SUM(K15:L15) -> 320 | N15: F | O15: T | P15: F | Q15: Thép | R15: Có | W15: 8 | Y15: =SUM(S15:X15) -> 8 | Z15: 8 | AC15: =SUM(Z15:AB15) -> 8 | AE15: 8 | AI15: =SUM(AD15:AH15) -> 8 | AJ15: Nhôm | AK15: 3 | AL15: XN TCME | AM15: 46133 | AO15: Đạt
A16: 1694 | B16: Trạm CS Lai Hưng 93 Trạm 1 | C16: Lai Hưng 93-1 | D16: 102055000 | E16: No.2211000315336 | F16: =VLOOKUP(D16,'[1]Bến Cát'!$E$4:$F$177,2,0) -> 11.17869460788163, 106.6278175306701 | G16: Lai Hưng 93 | H16: Bến Cát | I16: ngay SN 278 | J16: 01 - 03 | L16: 560 | M16: =SUM(K16:L16) -> 560 | N16: T | O16: F | P16: F | Q16: Thép | R16: Có | W16: 14 | Y16: =SUM(S16:X16) -> 14 | Z16: 14 | AC16: =SUM(Z16:AB16) -> 14 | AE16: 14 | AI16: =SUM(AD16:AH16) -> 14 | AJ16: Nhôm | AK16: 3 | AL16: XN TCME | AM16: 46133 | AO16: Đạt
A17: 1804 (1722) | B17: Trạm CS ĐH 604 đường 2/9 Trạm 1 | C17: đường 2/9 ĐH 604-2 | D17: 102730000 | E17: PB.25901719 | F17: =VLOOKUP(D17,'[1]Bến Cát'!$E$4:$F$177,2,0) -> 11.1532425, 106.6141001 | G17: đường 2/9 ĐH 604 | H17: Bến Cát | I17: trụ HT 01 SN 99 | J17: 01 - 06 | L17: 2220 | M17: =SUM(K17:L17) -> 2220 | N17: T | O17: F | P17: F | Q17: Thép | R17: Có | U17: 27 | W17: 8 | Y17: =SUM(S17:X17) -> 35 | Z17: 35 | AC17: =SUM(Z17:AB17) -> 35 | AE17: 35 | AI17: =SUM(AD17:AH17) -> 35 | AJ17: Nhôm | AK17: 3 | AL17: XN TCME | AM17: 46133 | AO17: Đạt
A18: 1694 | B18: Trạm CS Lai Hưng 93 Trạm 2 | C18: Lai Hưng 93-2 | D18: 102056000 | E18: No.22408046 | F18: =VLOOKUP(D18,'[1]Bến Cát'!$E$4:$F$177,2,0) -> 11.176811580781596, 106.62125025586383 | G18: Lai Hưng 93 | H18: Bến Cát | I18: đối diện TT 12 | J18: 01 - 04 | L18: 1200 | M18: =SUM(K18:L18) -> 1200 | N18: F | O18: T | P18: F | Q18: Thép | R18: Không | W18: 33 | Y18: =SUM(S18:X18) -> 33 | Z18: 33 | AC18: =SUM(Z18:AB18) -> 33 | AE18: 33 | AI18: =SUM(AD18:AH18) -> 33 | AJ18: Nhôm | AK18: 3 | AL18: XN TCME | AM18: 46133 | AO18: Tạm chấp nhận
A19: 1747 | B19: Trạm CS đường 2/9 (Huỳnh Thanh Liêm) Mỹ Phước 91 | C19: Mỹ Phước 91 | D19: 102149000 | E19: No.24100012649 | F19: =VLOOKUP(D19,'[1]Bến Cát'!$E$4:$F$177,2,0) -> 11.147914846961335, 106.62643690629307 | G19: Mỹ Phước 91 | H19: Bến Cát | I19: trụ HT 576 | J19: 01 - 02 | L19: 240 | M19: =SUM(K19:L19) -> 240 | N19: F | O19: T | P19: F | Q19: Thép | R19: Không | W19: 6 | Y19: =SUM(S19:X19) -> 6 | Z19: 6 | AC19: =SUM(Z19:AB19) -> 6 | AE19: 6 | AI19: =SUM(AD19:AH19) -> 6 | AJ19: Nhôm | AK19: 2 | AL19: XN TCME | AM19: 46133 | AO19: Tạm chấp nhận
A20: 1762 | B20: Trạm CS nhà bà Hương Mỹ Phước 95 | C20: Mỹ Phước 95 | D20: 102150000 | E20: No.18110058360 | F20: =VLOOKUP(D20,'[1]Bến Cát'!$E$4:$F$177,2,0) -> 11.149057809097673, 106.62490764179853 | G20: Mỹ Phước 95 | H20: Bến Cát | I20: HT giữ TT 64-65 | J20: 01 - 02 | L20: 200 | M20: =SUM(K20:L20) -> 200 | N20: T | O20: F | P20: F | Q20: Thép | R20: Có | W20: 5 | Y20: =SUM(S20:X20) -> 5 | Z20: 5 | AC20: =SUM(Z20:AB20) -> 5 | AE20: 5 | AI20: =SUM(AD20:AH20) -> 5 | AJ20: Nhôm | AK20: 3 | AL20: XN TCME | AM20: 46133 | AO20: Đạt
A21: 1804 | B21: Trạm CS đồi 2/9 | C21: đường 2/9 ĐH 604-3 | D21: 102732000 | E21: PB.007290 | F21: =VLOOKUP(D21,'[1]Bến Cát'!$E$4:$F$177,2,0) -> 11.1527556, 106.6020705 | G21: đường 2/9 ĐH 604 | H21: Bến Cát | I21: trụ HT 08 SN64 | J21: 01 - 03 | K21: 1360 | M21: =SUM(K21:L21) -> 1360 | N21: T | O21: F | P21: F | Q21: Thép | R21: Không | W21: 64 | Y21: =SUM(S21:X21) -> 64 | AA21: 34 | AC21: =SUM(Z21:AB21) -> 34 | AE21: 21 | AF21: 13 | AI21: =SUM(AD21:AH21) -> 34 | AJ21: Đồng | AK21: 3 | AL21: XN TCME | AM21: 46133 | AO21: Đạt
A22: 1709 | B22: Trạm CS Lai Hưng 137 Trạm 1 | C22: Lai Hưng 137-1 | D22: 102057000 | E22: No.221100336691 | F22: =VLOOKUP(D22,'[1]Bến Cát'!$E$4:$F$177,2,0) -> 11.181500476818995, 106.62970151846514 | G22: Lai Hưng 137 | H22: Bến Cát | I22: TT 14 ông Khương đối diện SN 132 | J22: 01 - 03 | L22: 560 | M22: =SUM(K22:L22) -> 560 | N22: F | O22: T | P22: F | Q22: Thép | R22: Không | W22: 12 | Y22: =SUM(S22:X22) -> 12 | Z22: 12 | AC22: =SUM(Z22:AB22) -> 12 | AE22: 12 | AI22: =SUM(AD22:AH22) -> 12 | AJ22: Nhôm | AK22: 2 | AL22: XN TCME | AM22: 46133 | AO22: Tạm chấp nhận
A23: 1748 | B23: Trạm CS nhà ông Tài Mỹ Phước 101 | C23: Mỹ Phước 101 | D23: 102151000 | E23: No.241200013333 | F23: =VLOOKUP(D23,'[1]Bến Cát'!$E$4:$F$177,2,0) -> 11.151437828690334, 106.62201321164352 | G23: Mỹ Phước 101 | H23: Bến Cát | I23: SN 163/6 | J23: 01 - 03 | L23: 685 | M23: =SUM(K23:L23) -> 685 | N23: F | O23: T | P23: F | Q23: Thép | R23: Có | U23: 17 | Y23: =SUM(S23:X23) -> 17 | Z23: 17 | AC23: =SUM(Z23:AB23) -> 17 | AE23: 17 | AI23: =SUM(AD23:AH23) -> 17 | AJ23: Nhôm | AK23: 3 | AL23: XN TCME | AM23: 46133 | AO23: Đạt
A24: 1720 | B24: Trạm CS Mỹ Phước 92 | C24: Mỹ Phước 92 | D24: 102733000 | E24: No.241200012670 | F24: =VLOOKUP(D24,'[1]Bến Cát'!$E$4:$F$177,2,0) -> 11.1526728, 106.6019373 | G24: Mỹ Phước 92 | H24: Bến Cát | I24: trụ HT 1A1 CS01 | J24: 01 - 02 | L24: 70 | M24: =SUM(K24:L24) -> 70 | N24: F | O24: T | P24: F | Q24: Thép | R24: Có | W24: 3 | Y24: =SUM(S24:X24) -> 3 | Z24: 3 | AC24: =SUM(Z24:AB24) -> 3 | AE24: 3 | AI24: =SUM(AD24:AH24) -> 3 | AJ24: Nhôm | AK24: 2 | AL24: XN TCME | AM24: 46133 | AO24: Đạt
A25: 1709 | B25: Trạm CS Lai Hưng 137 Trạm 2 | C25: Lai Hưng 137-2 | D25: 102058000 | E25: No.221100315825 | F25: =VLOOKUP(D25,'[1]Bến Cát'!$E$4:$F$177,2,0) -> 11.186277845514855, 106.64187243189245 | G25: Lai Hưng 137 | H25: Bến Cát | I25: HT 05H | J25: 01 - 03 | L25: 935 | M25: =SUM(K25:L25) -> 935 | N25: F | O25: T | P25: F | Q25: Thép | R25: Không | W25: 18 | Y25: =SUM(S25:X25) -> 18 | Z25: 18 | AC25: =SUM(Z25:AB25) -> 18 | AE25: 18 | AI25: =SUM(AD25:AH25) -> 18 | AJ25: Nhôm | AK25: 2 | AL25: XN TCME | AM25: 46133 | AO25: Tạm chấp nhận
A26: 1721 | B26: Trạm CS Mỹ Phước 90 | C26: Mỹ Phước 90 | D26: 102734000 | E26: PB.95518 | F26: =VLOOKUP(D26,'[1]Bến Cát'!$E$4:$F$177,2,0) -> 11.1528836, 106.6024231 | G26: Mỹ Phước 90 | H26: Bến Cát | I26: trụ HT 8B SN66 | J26: 01 - 02 | L26: 75 | M26: =SUM(K26:L26) -> 75 | N26: F | O26: T | P26: F | Q26: Thép | R26: Không | W26: 4 | Y26: =SUM(S26:X26) -> 4 | Z26: 4 | AC26: =SUM(Z26:AB26) -> 4 | AE26: 4 | AI26: =SUM(AD26:AH26) -> 4 | AJ26: Nhôm | AK26: 3 | AL26: XN TCME | AM26: 46133 | AO26: Đạt
A27: 1752 | B27: Trạm CS giáp đường 2/9 - nhà ông Cao Văn Nghĩa | C27: Mỹ Phước 113 | D27: 100887000 | E27: PB.92238 | F27: =VLOOKUP(D27,'[1]Bến Cát'!$E$4:$F$177,2,0) -> 11.1556583, 106.610485 | G27: Mỹ Phước 113 | H27: Bến Cát | I27: SN 69/1 | J27: 01 - 05 | L27: 555 | M27: =SUM(K27:L27) -> 555 | N27: F | O27: T | P27: F | Q27: Thép | R27: Có | W27: 17 | Y27: =SUM(S27:X27) -> 17 | Z27: 17 | AC27: =SUM(Z27:AB27) -> 17 | AE27: 17 | AI27: =SUM(AD27:AH27) -> 17 | AJ27: Nhôm | AK27: 2 | AL27: XN TCME | AM27: 46133 | AO27: Đạt
A28: 1709 | B28: Trạm CS Lai Hưng 137 Trạm 3 | C28: Lai Hưng 137-3 | D28: 102059000 | E28: No.221200041156 | F28: =VLOOKUP(D28,'[1]Bến Cát'!$E$4:$F$177,2,0) -> 11.19066872315915, 106.64794286024285 | G28: Lai Hưng 137 | H28: Bến Cát | I28: nằm giữa TT 21 và TT 22 | J28: 01 - 03 | L28: 850 | M28: =SUM(K28:L28) -> 850 | N28: F | O28: T | P28: F | Q28: Thép | R28: Có | W28: 17 | Y28: =SUM(S28:X28) -> 17 | Z28: 17 | AC28: =SUM(Z28:AB28) -> 17 | AE28: 17 | AI28: =SUM(AD28:AH28) -> 17 | AJ28: Nhôm | AK28: 2 | AL28: XN TCME | AM28: 46133 | AO28: Đạt
A29: 1749 | B29: Trạm CS nhà bà Tư sỉ - Út Bửu | C29: Mỹ Phước 103 | D29: 102152000 | E29: No.231200037724 | F29: =VLOOKUP(D29,'[1]Bến Cát'!$E$4:$F$177,2,0) -> 11.153224433791264, 106.61792472033443 | G29: Mỹ Phước 103 | H29: Bến Cát | I29: HT1A4 | J29: 01 - 03 | L29: 400 | M29: =SUM(K29:L29) -> 400 | N29: F | O29: T | P29: F | Q29: Thép | R29: Không | W29: 10 | Y29: =SUM(S29:X29) -> 10 | Z29: 10 | AC29: =SUM(Z29:AB29) -> 10 | AE29: 10 | AI29: =SUM(AD29:AH29) -> 10 | AJ29: Nhôm | AK29: 2 | AL29: XN TCME | AM29: 46133 | AO29: Tạm chấp nhận
A30: 1754 | B30: Trạm CS nhà ông Chu Văn Hùng | C30: Mỹ Phước 123 | D30: 102735000 | E30: No.251200035212 | F30: =VLOOKUP(D30,'[1]Bến Cát'!$E$4:$F$177,2,0) -> 11.1543737, 106.6039045 | G30: Mỹ Phước 123 | H30: Bến Cát | I30: trụ HT 1A4 CS03 | J30: 01 - 03 | L30: 325 | M30: =SUM(K30:L30) -> 325 | N30: T | O30: F | P30: F | Q30: Thép | R30: Có | W30: 10 | Y30: =SUM(S30:X30) -> 10 | Z30: 10 | AC30: =SUM(Z30:AB30) -> 10 | AE30: 10 | AI30: =SUM(AD30:AH30) -> 10 | AJ30: Nhôm | AK30: 3 | AL30: XN TCME | AM30: 46133 | AO30: Đạt
A31: 1711 | B31: Trạm CS Lai Hưng 143 | C31: Lai Hưng 143 | D31: 102060000 | E31: No.221100316103 | F31: =VLOOKUP(D31,'[1]Bến Cát'!$E$4:$F$177,2,0) -> 11.191838198440674, 106.64259462865893 | G31: Lai Hưng 143 | H31: Bến Cát | I31: HT đầu đường Lai Hưng 143 | J31: 01 - 02 | L31: 520 | M31: =SUM(K31:L31) -> 520 | N31: T | O31: F | P31: F | Q31: Thép | R31: Có | W31: 14 | Y31: =SUM(S31:X31) -> 14 | Z31: 14 | AC31: =SUM(Z31:AB31) -> 14 | AE31: 14 | AI31: =SUM(AD31:AH31) -> 14 | AJ31: Nhôm | AK31: 3 | AL31: XN TCME | AM31: 46133 | AO31: Đạt
A32: 1753 | B32: Trạm CS giáp đường 2/9 - nhà bà Giỏi | C32: Mỹ Phước 115 | D32: 100888000 | E32: PB.95519 | F32: =VLOOKUP(D32,'[1]Bến Cát'!$E$4:$F$177,2,0) -> 11.1553594, 106.6086122 | G32: Mỹ Phước 115 | H32: Bến Cát | I32: trụ CS02 | J32: 01 - 05 | L32: 670 | M32: =SUM(K32:L32) -> 670 | N32: T | O32: F | P32: F | Q32: Thép | R32: Có | W32: 15 | Y32: =SUM(S32:X32) -> 15 | Z32: 15 | AC32: =SUM(Z32:AB32) -> 15 | AE32: 15 | AI32: =SUM(AD32:AH32) -> 15 | AJ32: Nhôm | AK32: 3 | AL32: XN TCME | AM32: 46133 | AO32: Đạt
A33: 1707 | B33: Trạm CS Lai Hưng 132 Trạm 1 | C33: Lai Hưng 132-1 | D33: 102061000 | E33: No.251200039417 | F33: =VLOOKUP(D33,'[1]Bến Cát'!$E$4:$F$177,2,0) -> 11.182484457741387, 106.62715112197783 | G33: Lai Hưng 132 | H33: Bến Cát | I33: HT08 | J33: 01 - 02 | L33: 480 | M33: =SUM(K33:L33) -> 480 | N33: T | O33: F | P33: F | Q33: Thép | R33: Có | W33: 9 | Y33: =SUM(S33:X33) -> 9 | Z33: 9 | AC33: =SUM(Z33:AB33) -> 9 | AE33: 9 | AI33: =SUM(AD33:AH33) -> 9 | AJ33: Nhôm | AK33: 3 | AL33: XN TCME | AM33: 46133 | AO33: Đạt
A34: 1751 | B34: Trạm CS nhà đất Thanh Thủy | C34: Mỹ Phước 111 | D34: 102153000 | E34: PB.99681 | F34: =VLOOKUP(D34,'[1]Bến Cát'!$E$4:$F$177,2,0) -> 11.15576358823094, 106.6124875673707 | G34: Mỹ Phước 111 | H34: Bến Cát | I34: HT 1A6 | J34: 01 - 03 | L34: 400 | M34: =SUM(K34:L34) -> 400 | N34: T | O34: F | P34: F | Q34: Thép | R34: Có | W34: 12 | Y34: =SUM(S34:X34) -> 12 | Z34: 12 | AC34: =SUM(Z34:AB34) -> 12 | AE34: 12 | AI34: =SUM(AD34:AH34) -> 12 | AJ34: Nhôm | AK34: 3 | AL34: XN TCME | AM34: 46133 | AO34: Đạt
A35: 1726 | B35: Trạm CS nhà ông Cảnh - Hai Sẳn | C35: Mỹ Phước 109 | D35: 102154000 | E35: No.131138843 | F35: =VLOOKUP(D35,'[1]Bến Cát'!$E$4:$F$177,2,0) -> 11.15425811982715, 106.61412073981683 | G35: Mỹ Phước 109 | H35: Bến Cát | I35: HT 1-4/5 | J35: 01 - 04 | L35: 640 | M35: =SUM(K35:L35) -> 640 | N35: F | O35: T | P35: F | Q35: Thép | R35: Không | W35: 19 | Y35: =SUM(S35:X35) -> 19 | Z35: 19 | AC35: =SUM(Z35:AB35) -> 19 | AE35: 19 | AI35: =SUM(AD35:AH35) -> 19 | AJ35: Nhôm | AK35: 3 | AL35: XN TCME | AM35: 46133 | AO35: Tạm chấp nhận
A36: 1719 (1718) | B36: Trạm CS nhà Lê Thanh Tam Lê Văn Thành | C36: Mỹ Phước 94 | D36: 102736000 | E36: PB.95517 | F36: =VLOOKUP(D36,'[1]Bến Cát'!$E$4:$F$177,2,0) -> 11.1520701, 106.6015212 | G36: Mỹ Phước 94 | H36: Bến Cát | I36: SN 46/9 | J36: 01 - 05 | L36: 455 | M36: =SUM(K36:L36) -> 455 | N36: F | O36: T | P36: F | Q36: Thép | R36: Có | W36: 14 | Y36: =SUM(S36:X36) -> 14 | Z36: 14 | AC36: =SUM(Z36:AB36) -> 14 | AE36: 14 | AI36: =SUM(AD36:AH36) -> 14 | AJ36: Nhôm | AK36: 3 | AL36: XN TCME | AM36: 46133 | AO36: Đạt
A37: 1707 | B37: Trạm CS Lai Hưng 132 Trạm 2 | C37: Lai Hưng 132-2 | D37: 102062000 | E37: No.251200039421 | F37: =VLOOKUP(D37,'[1]Bến Cát'!$E$4:$F$177,2,0) -> 11.18838528387074, 106.63109407297449 | G37: Lai Hưng 132 | H37: Bến Cát | I37: HT giao với đường Lai Hưng 129 | J37: 01 - 02 | L37: 1040 | M37: =SUM(K37:L37) -> 1040 | N37: T | O37: F | P37: F | Q37: Thép | R37: Không | W37: 14 | Y37: =SUM(S37:X37) -> 14 | Z37: 14 | AC37: =SUM(Z37:AB37) -> 14 | AE37: 14 | AI37: =SUM(AD37:AH37) -> 14 | AJ37: Nhôm | AK37: 3 | AL37: XN TCME | AM37: 46133 | AO37: Tạm chấp nhận
A38: 1705 | B38: Trạm CS Lai Hưng 129 | C38: Lai Hưng 129 và Lai Hưng 105 | D38: 102063000 | E38: No.221100365329 | F38: =VLOOKUP(D38,'[1]Bến Cát'!$E$4:$F$177,2,0) -> 11.18673276802226, 106.62830232107365 | G38: Lai Hưng 129 và Lai Hưng 105 | H38: Bến Cát | I38: HT 06B / 22 | J38: 01 - 06 | L38: 1215 | M38: =SUM(K38:L38) -> 1215 | N38: T | O38: F | P38: F | Q38: Thép | R38: Không | W38: 31 | Y38: =SUM(S38:X38) -> 31 | Z38: 31 | AC38: =SUM(Z38:AB38) -> 31 | AE38: 31 | AI38: =SUM(AD38:AH38) -> 31 | AJ38: Nhôm | AK38: 3 | AL38: XN TCME | AM38: 46133 | AO38: Tạm chấp nhận
A39: 1713 | B39: Trạm CS nhà ông Phước Hiệp - Nguyễn Văn Phú | C39: Mỹ Phước 104 | D39: 102155000 | E39: PB.80823 | F39: =VLOOKUP(D39,'[1]Bến Cát'!$E$4:$F$177,2,0) -> 11.150511296525957, 106.59954031848338 | G39: Mỹ Phước 104 | H39: Bến Cát | I39: SN 2/16 | J39: 01 - 04 | L39: 600 | M39: =SUM(K39:L39) -> 600 | N39: F | O39: T | P39: F | Q39: Thép | R39: Có | U39: 1 | W39: 18 | Y39: =SUM(S39:X39) -> 19 | Z39: 18 | AC39: =SUM(Z39:AB39) -> 18 | AE39: 19 | AI39: =SUM(AD39:AH39) -> 19 | AJ39: Nhôm | AK39: 2 | AL39: XN TCME | AM39: 46133 | AO39: Đạt
A40: 1700 | B40: Trạm CS Lai Hưng 119 Trạm 1 | C40: Lai Hưng 119-1 | D40: 102064000 | E40: No.1511290191 | F40: =VLOOKUP(D40,'[1]Bến Cát'!$E$4:$F$177,2,0) -> 11.184791635733395, 106.6239862301753 | G40: Lai Hưng 119 | H40: Bến Cát | I40: đàu đường Lai Hưng 119 | J40: 01 - 02 | L40: 400 | M40: =SUM(K40:L40) -> 400 | N40: T | O40: F | P40: F | Q40: Thép | R40: Có | W40: 11 | Y40: =SUM(S40:X40) -> 11 | Z40: 11 | AC40: =SUM(Z40:AB40) -> 11 | AE40: 11 | AI40: =SUM(AD40:AH40) -> 11 | AJ40: Nhôm | AK40: 3 | AL40: XN TCME | AM40: 46133 | AO40: Đạt
A41: 1702 | B41: Trạm CS Lai Hưng 125 Trạm 1 | C41: Lai Hưng 125-1 | D41: 102065000 | E41: No.1511289244 | F41: =VLOOKUP(D41,'[1]Bến Cát'!$E$4:$F$177,2,0) -> 11.184408873124928, 106.62454690093392 | G41: Lai Hưng 125 | H41: Bến Cát | I41: HT đầu đường Lai Hưng 125 | J41: 01 - 02 | L41: 850 | M41: =SUM(K41:L41) -> 850 | N41: T | O41: F | P41: F | Q41: Thép | R41: Có | W41: 20 | Y41: =SUM(S41:X41) -> 20 | Z41: 20 | AC41: =SUM(Z41:AB41) -> 20 | AE41: 20 | AI41: =SUM(AD41:AH41) -> 20 | AJ41: Nhôm | AK41: 3 | AL41: XN TCME | AM41: 46134 | AO41: Đạt
A42: 1771 | B42: Trạm CS đường QL 13 - ông Nguyễn Văn Thế | C42: Mỹ Phước 23 | D42: 102156000 | E42: PB.1249 | F42: =VLOOKUP(D42,'[1]Bến Cát'!$E$4:$F$177,2,0) -> 11.151814853120626, 106.59871220457713 | G42: Mỹ Phước 23 | H42: Bến Cát | I42: oto Tiến Phát | J42: 01 - 02 | L42: 120 | M42: =SUM(K42:L42) -> 120 | N42: T | O42: F | P42: F | Q42: Thép | R42: Có | W42: 4 | Y42: =SUM(S42:X42) -> 4 | Z42: 4 | AC42: =SUM(Z42:AB42) -> 4 | AE42: 4 | AI42: =SUM(AD42:AH42) -> 4 | AJ42: Nhôm | AK42: 3 | AL42: XN TCME | AM42: 46134 | AO42: Đạt
A43: 1716 | B43: Trạm CS Mỹ Phước 102 | C43: Mỹ Phước 102 | D43: 102477000 | E43: PB.06433 | F43: =VLOOKUP(D43,'[1]Bến Cát'!$E$4:$F$177,2,0) -> 11.1515782, 106.5995131 | G43: Mỹ Phước 102 | H43: Bến Cát | I43: đầu đường Mỹ Phước 102 | J43: 01 - 02 | L43: 90 | M43: =SUM(K43:L43) -> 90 | N43: F | O43: T | P43: F | Q43: Thép | R43: Có | W43: 3 | Y43: =SUM(S43:X43) -> 3 | Z43: 3 | AC43: =SUM(Z43:AB43) -> 3 | AE43: 3 | AI43: =SUM(AD43:AH43) -> 3 | AJ43: Nhôm | AK43: 3 | AL43: XN TCME | AM43: 46134 | AO43: Đạt
A44: 1702 | B44: Trạm CS Lai Hưng 125 Trạm 2 | C44: Lai Hưng 125-2 | D44: 102066000 | E44: No.1511225111 | F44: =VLOOKUP(D44,'[1]Bến Cát'!$E$4:$F$177,2,0) -> 11.191414203792698, 106.63021916784415 | G44: Lai Hưng 125 | H44: Bến Cát | I44: HT 1/1 Lai Hưng 125 | J44: 01 - 03 | L44: 540 | M44: =SUM(K44:L44) -> 540 | N44: T | O44: F | P44: F | Q44: Thép | R44: Không | W44: 13 | Y44: =SUM(S44:X44) -> 13 | Z44: 13 | AC44: =SUM(Z44:AB44) -> 13 | AE44: 13 | AI44: =SUM(AD44:AH44) -> 13 | AJ44: Nhôm | AK44: 3 | AL44: XN TCME | AM44: 46134 | AO44: Tạm chấp nhận
A45: 1755 | B45: Trạm CS QL13 nhà ông Niệm | C45: Mỹ Phước 17 | D45: 102157000 | E45: PB.88018 | F45: =VLOOKUP(D45,'[1]Bến Cát'!$E$4:$F$177,2,0) -> 11.1549549, 106.597962 | G45: Mỹ Phước 17 | H45: Bến Cát | I45: đối diện SN 572 | J45: 01 - 04 | L45: 780 | M45: =SUM(K45:L45) -> 780 | N45: F | O45: T | P45: F | Q45: Thép | R45: Có | W45: 19 | Y45: =SUM(S45:X45) -> 19 | Z45: 19 | AC45: =SUM(Z45:AB45) -> 19 | AE45: 19 | AI45: =SUM(AD45:AH45) -> 19 | AJ45: Nhôm | AK45: 2 | AL45: XN TCME | AM45: 46134 | AO45: Đạt
A46: 1756 | B46: Trạm CS QL13 nhà ông 4 Kiểm | C46: Mỹ Phước 13 | D46: 102158000 | E46: PB.80818 | F46: =VLOOKUP(D46,'[1]Bến Cát'!$E$4:$F$177,2,0) -> 11.1553468, 106.5947692 | G46: Mỹ Phước 13 | H46: Bến Cát | I46: SN 558 | J46: 01 - 04 | L46: 175 | M46: =SUM(K46:L46) -> 175 | N46: F | O46: T | P46: F | Q46: Thép | R46: Có | W46: 6 | Y46: =SUM(S46:X46) -> 6 | Z46: 6 | AC46: =SUM(Z46:AB46) -> 6 | AE46: 6 | AI46: =SUM(AD46:AH46) -> 6 | AJ46: Nhôm | AK46: 2 | AL46: XN TCME | AM46: 46134 | AO46: Tạm chấp nhận
A47: 1775 | B47: Trạm CS nhà bà Bính - An Tuấn | C47: Mỹ Phước 11 | D47: 102159000 | E47: No.251200073462 | F47: =VLOOKUP(D47,'[1]Bến Cát'!$E$4:$F$177,2,0) -> 11.15688093246751, 106.59302476089084 | G47: Mỹ Phước 11 | H47: Bến Cát | I47: SN 211 | J47: 01 - 02 | L47: 160 | M47: =SUM(K47:L47) -> 160 | N47: T | O47: F | P47: F | Q47: Thép | R47: Có | W47: 4 | Y47: =SUM(S47:X47) -> 4 | Z47: 4 | AC47: =SUM(Z47:AB47) -> 4 | AE47: 4 | AI47: =SUM(AD47:AH47) -> 4 | AJ47: Nhôm | AK47: 3 | AL47: XN TCME | AM47: 46134 | AO47: Đạt
A48: 1700 | B48: Trạm CS Lai Hưng 119 Trạm 2 | C48: Lai Hưng 119-2 | D48: 102067000 | E48: No.1511288265 | F48: 11.190849789020323, 106.62848841647288 | G48: Lai Hưng 119 | H48: Bến Cát | I48: TT 04 | J48: 01 - 03 | L48: 600 | M48: =SUM(K48:L48) -> 600 | N48: F | O48: T | P48: F | Q48: Thép | R48: Không | W48: 16 | Y48: =SUM(S48:X48) -> 16 | Z48: 16 | AC48: =SUM(Z48:AB48) -> 16 | AE48: 16 | AI48: =SUM(AD48:AH48) -> 16 | AJ48: Nhôm | AK48: 3 | AL48: XN TCME | AM48: 46134 | AO48: Tạm chấp nhận
A49: 1757 | B49: Trạm CS đường Chà Vi nhà bà Ánh - nhà ông Lợi Hòa | C49: Mỹ Phước 83 | D49: 102669000 | E49: No.18110173535 | F49: =VLOOKUP(D49,'[1]Bến Cát'!$E$4:$F$177,2,0) -> 11.160015, 106.5958217 | G49: Mỹ Phước 83 | H49: Bến Cát | I49: đối diện SN 174 | J49: 01 - 02 | L49: 100 | M49: =SUM(K49:L49) -> 100 | N49: F | O49: T | P49: F | Q49: Thép | R49: Không | W49: 4 | Y49: =SUM(S49:X49) -> 4 | Z49: 4 | AC49: =SUM(Z49:AB49) -> 4 | AE49: 4 | AI49: =SUM(AD49:AH49) -> 4 | AJ49: Nhôm | AK49: 2 | AL49: XN TCME | AM49: 46134 | AO49: Tạm chấp nhận
A50: 1772 (1773) | B50: Trạm CS Mỹ Phước 59, 51, 63 nhà ông Thắng, nhà ông Điệp (Hùng) | C50: Mỹ Phước 59, 61, 63 ĐT 749A | D50: 102737000 | E50: No.1511022234 | F50: =VLOOKUP(D50,'[1]Bến Cát'!$E$4:$F$177,2,0) -> 11.1571164, 106.5835292 | G50: Mỹ Phước 59, 61, 63 ĐT 749A | H50: Bến Cát | I50: SN 43/1 | J50: 01 - 06 | L50: 305 | M50: =SUM(K50:L50) -> 305 | N50: F | O50: T | P50: F | Q50: Thép | R50: Có | W50: 10 | Y50: =SUM(S50:X50) -> 10 | Z50: 10 | AC50: =SUM(Z50:AB50) -> 10 | AE50: 10 | AI50: =SUM(AD50:AH50) -> 10 | AJ50: Nhôm | AK50: 2 | AL50: XN TCME | AM50: 46134 | AO50: Đạt
A51: 1700 | B51: Trạm CS Lai Hưng 119 Trạm 3 | C51: Lai Hưng 119-3 | D51: 102068000 | E51: No.1511230139 | F51: =VLOOKUP(D51,'[1]Bến Cát'!$E$4:$F$177,2,0) -> 11.192900390217979, 106.63041645271332 | G51: Lai Hưng 119 | H51: Bến Cát | I51: TT 06 | J51: 01 - 03 | L51: 680 | M51: =SUM(K51:L51) -> 680 | N51: T | O51: F | P51: F | Q51: Thép | R51: Không | W51: 17 | Y51: =SUM(S51:X51) -> 17 | Z51: 17 | AC51: =SUM(Z51:AB51) -> 17 | AE51: 17 | AI51: =SUM(AD51:AH51) -> 17 | AJ51: Nhôm | AK51: 3 | AL51: XN TCME | AM51: 46134 | AO51: Tạm chấp nhận
A52: 1729 | B52: Trạm CS giáp đường Chà Vi (ông 6 xe-suối chà vi) | C52: Mỹ Phước 85 | D52: 102160000 | E52: No.1511084599 | F52: =VLOOKUP(D52,'[1]Bến Cát'!$E$4:$F$177,2,0) -> 11.159274179144479, 106.59477740468068 | G52: Mỹ Phước 85 | H52: Bến Cát | I52: đầu đường 85 | J52: 01 - 02 | L52: 120 | M52: =SUM(K52:L52) -> 120 | N52: F | O52: T | P52: F | Q52: Thép | R52: Có | W52: 4 | Y52: =SUM(S52:X52) -> 4 | Z52: 4 | AC52: =SUM(Z52:AB52) -> 4 | AE52: 4 | AI52: =SUM(AD52:AH52) -> 4 | AJ52: Nhôm | AK52: 2 | AL52: XN TCME | AM52: 46134 | AO52: Đạt
A53: 1774 | B53: Trạm CS ông Ty cháo lòng | C53: Mỹ Phước 57 749A | D53: 102738000 | E53: No.221100309526 | F53: =VLOOKUP(D53,'[1]Bến Cát'!$E$4:$F$177,2,0) -> 11.1581122, 106.5833316 | G53: Mỹ Phước 57 749A | H53: Bến Cát | I53: SN 19/3A | J53: 01 - 03 | L53: 350 | M53: =SUM(K53:L53) -> 350 | N53: F | O53: T | P53: F | Q53: Thép | R53: Có | W53: 11 | Y53: =SUM(S53:X53) -> 11 | Z53: 11 | AC53: =SUM(Z53:AB53) -> 11 | AE53: 11 | AI53: =SUM(AD53:AH53) -> 11 | AJ53: Nhôm | AK53: 2 | AL53: XN TCME | AM53: 46134 | AO53: Đạt
A54: 1758 | B54: Trạm CS đường Chà Vi (nhà ông Út Nhuận) | C54: Mỹ Phước 79 | D54: 102161000 | E54: PB.81709 | F54: =VLOOKUP(D54,'[1]Bến Cát'!$E$4:$F$177,2,0) -> 11.162507889309161, 106.60158038976043 | G54: Mỹ Phước 79 | H54: Bến Cát | I54: đối diện SN 151/1 | J54: 01 - 02 | L54: 240 | M54: =SUM(K54:L54) -> 240 | N54: T | O54: F | P54: F | Q54: Thép | R54: Có | W54: 7 | Y54: =SUM(S54:X54) -> 7 | Z54: 7 | AC54: =SUM(Z54:AB54) -> 7 | AE54: 7 | AI54: =SUM(AD54:AH54) -> 7 | AJ54: Nhôm | AK54: 3 | AL54: XN TCME | AM54: 46134 | AO54: Đạt
A55: 1746 | B55: Trạm CS Mỹ Phước 87 | C55: Mỹ Phước 87 | D55: 102478000 | E55: No.11790 | F55: =VLOOKUP(D55,'[1]Bến Cát'!$E$4:$F$177,2,0) -> 11.1471271, 106.6307246 | G55: Mỹ Phước 87 | H55: Bến Cát | I55: không có SN | J55: 01 - 02 | L55: 280 | M55: =SUM(K55:L55) -> 280 | N55: F | O55: T | P55: F | Q55: Thép | R55: Không | W55: 8 | Y55: =SUM(S55:X55) -> 8 | Z55: 8 | AC55: =SUM(Z55:AB55) -> 8 | AE55: 8 | AI55: =SUM(AD55:AH55) -> 8 | AJ55: Nhôm | AK55: 3 | AL55: XN TCME | AM55: 46134 | AO55: Tạm chấp nhận
A56: 1704 | B56: Trạm CS Lai Hưng 127 Trạm 1 | C56: Lai Hưng 127-1 | D56: 102069000 | E56: No.221100365149 | F56: =VLOOKUP(D56,'[1]Bến Cát'!$E$4:$F$177,2,0) -> 11.18304788541824, 106.62576983256025 | G56: Lai Hưng 127 | H56: Bến Cát | I56: HT đầu đường Lai Hưng 127 | J56: 01 - 06 | L56: 945 | M56: =SUM(K56:L56) -> 945 | N56: F | O56: T | P56: F | Q56: Thép | R56: Có | W56: 15 | Y56: =SUM(S56:X56) -> 15 | Z56: 15 | AC56: =SUM(Z56:AB56) -> 15 | AE56: 15 | AI56: =SUM(AD56:AH56) -> 15 | AJ56: Nhôm | AK56: 3 | AL56: XN TCME | AM56: 46134 | AO56: Đạt
A57: 1802 | B57: Trạm CS Mỹ Phước 38 ông Tư Nghĩa | C57: Mỹ Phước 38 749A | D57: 102739000 | E57: No.1611082666 | F57: =VLOOKUP(D57,'[1]Bến Cát'!$E$4:$F$177,2,0) -> 11.1576477, 106.5807023 | G57: Mỹ Phước 38 749A | H57: Bến Cát | I57: trụ HT 2-1 CS01 | J57: 01 - 02 | L57: 140 | M57: =SUM(K57:L57) -> 140 | N57: F | O57: T | P57: F | Q57: Thép | R57: Có | W57: 4 | Y57: =SUM(S57:X57) -> 4 | Z57: 4 | AC57: =SUM(Z57:AB57) -> 4 | AE57: 4 | AI57: =SUM(AD57:AH57) -> 4 | AJ57: Nhôm | AK57: 2 | AL57: XN TCME | AM57: 46134 | AO57: Đạt
A58: 1704 | B58: Trạm CS Lai Hưng 127 Trạm 2 | C58: Lai Hưng 127-2 | D58: 102070000 | E58: No.22408471 | F58: =VLOOKUP(D58,'[1]Bến Cát'!$E$4:$F$177,2,0) -> 11.17678433440675, 106.62094545971433 | G58: Lai Hưng 127 | H58: Bến Cát | I58: TT đầu đường LH 127 giao với LH 93 | J58: 01 - 02 | L58: 320 | M58: =SUM(K58:L58) -> 320 | N58: F | O58: T | P58: F | Q58: Thép | R58: Không | W58: 5 | Y58: =SUM(S58:X58) -> 5 | Z58: 5 | AC58: =SUM(Z58:AB58) -> 5 | AE58: 5 | AI58: =SUM(AD58:AH58) -> 5 | AJ58: Nhôm | AK58: 3 | AL58: XN TCME | AM58: 46134 | AO58: Tạm chấp nhận
A59: 1776 (1775) | B59: Trạm CS ông năm Bá ông Dương Chí Tân | C59: Mỹ Phước 40 | D59: 102740000 | E59: No.24120000936 | F59: =VLOOKUP(D59,'[1]Bến Cát'!$E$4:$F$177,2,0) -> 11.1557743, 106.5798114 | G59: Mỹ Phước 40 | H59: Bến Cát | I59: SN42 | J59: 01 - 04 | L59: 215 | M59: =SUM(K59:L59) -> 215 | N59: T | O59: F | P59: F | Q59: Thép | R59: Có | W59: 7 | Y59: =SUM(S59:X59) -> 7 | Z59: 7 | AC59: =SUM(Z59:AB59) -> 7 | AE59: 7 | AI59: =SUM(AD59:AH59) -> 7 | AJ59: Nhôm | AK59: 3 | AL59: XN TCME | AM59: 46134 | AO59: Đạt
A60: 1777 | B60: Trạm CS nhà bà Sen nhà bà Ngàn | C60: Mỹ Phước 42 ĐT 749A | D60: 102741000 | E60: No.221100309345 | F60: =VLOOKUP(D60,'[1]Bến Cát'!$E$4:$F$177,2,0) -> 11.1556588, 106.5827505 | G60: Mỹ Phước 42 ĐT 749A | H60: Bến Cát | I60: SN 114/8 | J60: 01 - 03 | L60: 365 | M60: =SUM(K60:L60) -> 365 | N60: F | O60: T | P60: F | Q60: Thép | R60: Không | W60: 12 | Y60: =SUM(S60:X60) -> 12 | Z60: 12 | AC60: =SUM(Z60:AB60) -> 12 | AE60: 12 | AI60: =SUM(AD60:AH60) -> 12 | AJ60: Nhôm | AK60: 2 | AL60: XN TCME | AM60: 46134 | AO60: Đạt
A61: 1701 | B61: Trạm CS Lai Hưng 124 | C61: Lai Hưng 124 | D61: 102071000 | E61: No.221100065680 | F61: =VLOOKUP(D61,'[1]Bến Cát'!$E$4:$F$177,2,0) -> 11.184099933653002, 106.62437546331435 | G61: Lai Hưng 124 | H61: Bến Cát | I61: HT số 1 đường LH 124 | J61: 01 - 03 | L61: 160 | M61: =SUM(K61:L61) -> 160 | N61: T | O61: F | P61: F | Q61: Thép | R61: Có | W61: 6 | Y61: =SUM(S61:X61) -> 6 | Z61: 6 | AC61: =SUM(Z61:AB61) -> 6 | AE61: 6 | AI61: =SUM(AD61:AH61) -> 6 | AJ61: Nhôm | AK61: 3 | AL61: XN TCME | AM61: 46134 | AO61: Đạt
A62: 1699 | B62: Trạm CS Lai Hưng 115 | C62: Lai Hưng 115 | D62: 100946000 | E62: No.1611266905 | F62: =VLOOKUP(D62,'[1]Bến Cát'!$E$4:$F$177,2,0) -> 11.184723241798816, 106.62390803409622 | G62: Lai Hưng 115 | H62: Bến Cát | I62: TT 02B ĐH 601 | J62: 01 - 02 | L62: 1080 | M62: =SUM(K62:L62) -> 1080 | N62: F | O62: T | P62: F | Q62: Thép | R62: Có | W62: 27 | Y62: =SUM(S62:X62) -> 27 | Z62: 27 | AC62: =SUM(Z62:AB62) -> 27 | AE62: 27 | AI62: =SUM(AD62:AH62) -> 27 | AJ62: Nhôm | AK62: 3 | AL62: XN TCME | AM62: 46134 | AO62: Đạt
A63: 1778 | B63: Trạm CS nhà bà Bích ông sáu Phức | C63: Mỹ Phước 40 ĐT 749A | D63: 102742000 | E63: PB.74045 | F63: =VLOOKUP(D63,'[1]Bến Cát'!$E$4:$F$177,2,0) -> 11.1565713, 106.582123 | G63: Mỹ Phước 40 ĐT 749A | H63: Bến Cát | I63: SN 68/6 | J63: 01 - 04 | L63: 180 | M63: =SUM(K63:L63) -> 180 | N63: F | O63: T | P63: F | Q63: Thép | R63: Không | W63: 7 | Y63: =SUM(S63:X63) -> 7 | Z63: 7 | AC63: =SUM(Z63:AB63) -> 7 | AE63: 7 | AI63: =SUM(AD63:AH63) -> 7 | AJ63: Nhôm | AK63: 2 | AL63: XN TCME | AM63: 46134 | AO63: Đạt
A64: 1697 | B64: Trạm CS Lai Hưng 101 | C64: Lai Hưng 101 | D64: 100.947.00 | E64: No.1511289146 | F64: 11.184112687793789, 106.62161166256375 | G64: Lai Hưng 101 | H64: Bến Cát | I64: TT 17 | J64: 01 - 02 | L64: 600 | M64: =SUM(K64:L64) -> 600 | N64: T | O64: F | P64: F | Q64: Thép | R64: Có | W64: 17 | Y64: =SUM(S64:X64) -> 17 | Z64: 16 | AC64: =SUM(Z64:AB64) -> 16 | AE64: 17 | AI64: =SUM(AD64:AH64) -> 17 | AJ64: Nhôm | AK64: 3 | AL64: XN TCME | AM64: 46134 | AO64: Đạt
A65: 1779 | B65: Trạm CS nhà ông Chinh | C65: Mỹ Phước 135 ĐT 749A | D65: 102743000 | E65: PB.97680 | F65: =VLOOKUP(D65,'[1]Bến Cát'!$E$4:$F$177,2,0) -> 11.1534517, 106.5879582 | G65: Mỹ Phước 135 ĐT 749A | H65: Bến Cát | I65: SN 200/1 | J65: 01 - 02 | L65: 150 | M65: =SUM(K65:L65) -> 150 | N65: T | O65: F | P65: F | Q65: Thép | R65: Có | W65: 6 | Y65: =SUM(S65:X65) -> 6 | Z65: 6 | AC65: =SUM(Z65:AB65) -> 6 | AE65: 6 | AI65: =SUM(AD65:AH65) -> 6 | AJ65: Nhôm | AK65: 3 | AL65: XN TCME | AM65: 46134 | AO65: Đạt
A66: 1696 | B66: Trạm CS Lai Hưng 99 | C66: Lai Hưng 99 | D66: 100948000 | E66: No.25114326 | F66: =VLOOKUP(D66,'[1]Bến Cát'!$E$4:$F$177,2,0) -> 11.181478294490885, 106.62015002821889 | G66: Lai Hưng 99 | H66: Bến Cát | I66: HT số 1 kế TT 13B Bến Tượng | J66: 01 - 02 | L66: 320 | M66: =SUM(K66:L66) -> 320 | N66: T | O66: F | P66: F | Q66: Thép | R66: Không | W66: 8 | Y66: =SUM(S66:X66) -> 8 | Z66: 8 | AC66: =SUM(Z66:AB66) -> 8 | AE66: 8 | AI66: =SUM(AD66:AH66) -> 8 | AJ66: Nhôm | AK66: 3 | AL66: XN TCME | AM66: 46134 | AO66: Tạm chấp nhận
A67: 1737 | B67: Trạm CS nhà ông Sáu Hiền | C67: giáng đường hàng vú sữa | D67: 102479000 | E67: No.76712 | F67: =VLOOKUP(D67,'[1]Bến Cát'!$E$4:$F$177,2,0) -> 11.1512873, 106.5904045 | G67: giáng đường hàng vú sữa | H67: Bến Cát | I67: SN 205 | J67: 01 - 02 | L67: 60 | M67: =SUM(K67:L67) -> 60 | N67: F | O67: T | P67: F | Q67: Thép | R67: Có | W67: 3 | Y67: =SUM(S67:X67) -> 3 | Z67: 3 | AC67: =SUM(Z67:AB67) -> 3 | AE67: 3 | AI67: =SUM(AD67:AH67) -> 3 | AJ67: Nhôm | AK67: 2 | AL67: XN TCME | AM67: 46134 | AO67: Đạt
A68: 1695 | B68: Trạm CS Lai Hưng 97 | C68: Lai Hưng 97 | D68: 100949000 | E68: No.21058636 | F68: =VLOOKUP(D68,'[1]Bến Cát'!$E$4:$F$177,2,0) -> 11.180862478412852, 106.61945084309234 | G68: Lai Hưng 97 | H68: Bến Cát | I68: HT kế TT 12 đường ĐH 601 | J68: 01 - 02 | L68: 480 | M68: =SUM(K68:L68) -> 480 | N68: F | O68: T | P68: F | Q68: Thép | R68: Có | W68: 12 | Y68: =SUM(S68:X68) -> 12 | Z68: 12 | AC68: =SUM(Z68:AB68) -> 12 | AE68: 12 | AI68: =SUM(AD68:AH68) -> 12 | AJ68: Nhôm | AK68: 3 | AL68: XN TCME | AM68: 46134 | AO68: Đạt
A69: 1768 | B69: Trạm CS QL 13 nhà ông Lâm -Năm tỷ | C69: Mỹ Phước 06 | D69: 102162000 | E69: No.18110008316 | F69: =VLOOKUP(D69,'[1]Bến Cát'!$E$4:$F$177,2,0) -> 11.165421068368653, 106.59088842749681 | G69: Mỹ Phước 06 | H69: Bến Cát | I69: TT06 SN 80/14 | J69: 01 - 03 | L69: 680 | M69: =SUM(K69:L69) -> 680 | N69: F | O69: T | P69: F | Q69: Thép | R69: Không | W69: 17 | Y69: =SUM(S69:X69) -> 17 | Z69: 17 | AC69: =SUM(Z69:AB69) -> 17 | AE69: 17 | AI69: =SUM(AD69:AH69) -> 17 | AJ69: Nhôm | AK69: 2 | AL69: XN TCME | AM69: 46134 | AO69: Tạm chấp nhận
A70: 1712 | B70: Trạm CS Lai Hưng 144 Trạm 1 | C70: Lai Hưng 144-1 | D70: 100950000 | E70: No.1511289930 | F70: =VLOOKUP(D70,'[1]Bến Cát'!$E$4:$F$177,2,0) -> 11.188549287507353, 106.62487921019995 | G70: Lai Hưng 144 | H70: Bến Cát | I70: TT25 | J70: 01 - 05 | L70: 720 | M70: =SUM(K70:L70) -> 720 | N70: T | O70: F | P70: F | Q70: Thép | R70: Có | W70: 23 | Y70: =SUM(S70:X70) -> 23 | Z70: 23 | AC70: =SUM(Z70:AB70) -> 23 | AE70: 23 | AI70: =SUM(AD70:AH70) -> 23 | AJ70: Nhôm | AK70: 3 | AL70: XN TCME | AM70: 46134 | AO70: Đạt
A71: 1739 | B71: Trạm CS đình Bến Tranh | C71: đường đình Bến Tranh | D71: 102227000 | E71: No.76710 | F71: =VLOOKUP(D71,'[1]Bến Cát'!$E$4:$F$177,2,0) -> 11.1414537, 106.5940153 | G71: đường đình Bến Tranh | H71: Bến Cát | I71: SN 32 | J71: 01 - 03 | L71: 650 | M71: =SUM(K71:L71) -> 650 | N71: F | O71: T | P71: F | Q71: Thép | R71: Có | W71: 19 | Y71: =SUM(S71:X71) -> 19 | Z71: 19 | AC71: =SUM(Z71:AB71) -> 19 | AE71: 19 | AI71: =SUM(AD71:AH71) -> 19 | AJ71: Nhôm | AK71: 2 | AL71: XN TCME | AM71: 46134 | AO71: Đạt
A72: 1787 | B72: Trạm CS nhà ông Lê Văn Nước nhà ông Trọng | C72: Mỹ Phước 134 ngô quyền | D72: 100937000 | E72: PB.99685 | F72: =VLOOKUP(D72,'[1]Bến Cát'!$E$4:$F$177,2,0) -> 11.1481114, 106.5920367 | G72: Mỹ Phước 134 ngô quyền | H72: Bến Cát | I72: trụ HT 2B-4 CS01 | J72: 01 - 03 | L72: 195 | M72: =SUM(K72:L72) -> 195 | N72: T | O72: F | P72: F | Q72: Thép | R72: Có | W72: 7 | Y72: =SUM(S72:X72) -> 7 | Z72: 7 | AC72: =SUM(Z72:AB72) -> 7 | AE72: 7 | AI72: =SUM(AD72:AH72) -> 7 | AJ72: Nhôm | AK72: 3 | AL72: XN TCME | AM72: 46134 | AO72: Đạt
A73: 1766 | B73: Trạm CS đường QL 13 nhà ông 4 Mỹ - nhà ông 3 Thông | C73: Mỹ Phước 09 | D73: 102670000 | E73: No.17210076569 | F73: =VLOOKUP(D73,'[1]Bến Cát'!$E$4:$F$177,2,0) -> 11.1644325, 106.5921585 | G73: Mỹ Phước 09 | H73: Bến Cát | I73: trụ HT 1D-1 đàu đường Mỹ Phước 09 | J73: 01 - 04 | L73: 460 | M73: =SUM(K73:L73) -> 460 | N73: F | O73: T | P73: F | Q73: Thép | R73: Có | U73: 12 | W73: 3 | Y73: =SUM(S73:X73) -> 15 | Z73: 15 | AC73: =SUM(Z73:AB73) -> 15 | AE73: 15 | AI73: =SUM(AD73:AH73) -> 15 | AJ73: Nhôm | AK73: 3 | AL73: XN TCME | AM73: 46134 | AO73: Đạt
A74: 1765 | B74: Trạm CS Ql 13 ông Công ông Duyên | C74: Mỹ Phước 08 | D74: 102163000 | E74: PB.100870 | F74: =VLOOKUP(D74,'[1]Bến Cát'!$E$4:$F$177,2,0) -> 11.163019107459043, 106.592496391235 | G74: Mỹ Phước 08 | H74: Bến Cát | I74: HT 1B1 | J74: 01 - 02 | L74: 160 | M74: =SUM(K74:L74) -> 160 | N74: T | O74: F | P74: F | Q74: Thép | R74: Có | W74: 4 | Y74: =SUM(S74:X74) -> 4 | Z74: 4 | AC74: =SUM(Z74:AB74) -> 4 | AE74: 4 | AI74: =SUM(AD74:AH74) -> 4 | AJ74: Nhôm | AK74: 3 | AL74: XN TCME | AM74: 46134 | AO74: Đạt
A75: 1712 | B75: Trạm CS Lai Hưng 144 Trạm 2 | C75: Lai Hưng 144-2 | D75: 100651000 | E75: No.221100364610 | F75: =VLOOKUP(D75,'[1]Bến Cát'!$E$4:$F$177,2,0) -> #N/A | G75: Lai Hưng 144 | H75: Bến Cát | I75: TT 32B | J75: 01 - 03 | L75: 330 | M75: =SUM(K75:L75) -> 330 | N75: T | O75: F | P75: F | Q75: Thép | R75: Có | W75: 12 | Y75: =SUM(S75:X75) -> 12 | Z75: 12 | AC75: =SUM(Z75:AB75) -> 12 | AE75: 12 | AI75: =SUM(AD75:AH75) -> 12 | AJ75: Nhôm | AK75: 3 | AL75: XN TCME | AM75: 46134 | AO75: Đạt
A76: 1741 | B76: Trạm CS nhà ông 3 Lượng | C76: đường ông 3 Lượng | D76: 102228000 | E76: No.30819 | F76: =VLOOKUP(D76,'[1]Bến Cát'!$E$4:$F$177,2,0) -> 11.1356813, 106.6026166 | G76: đường ông 3 Lượng | H76: Bến Cát | I76: SN 576/4 | J76: 01 - 02 | L76: 400 | M76: =SUM(K76:L76) -> 400 | N76: F | O76: T | P76: F | Q76: Thép | R76: Có | W76: 10 | Y76: =SUM(S76:X76) -> 10 | Z76: 10 | AC76: =SUM(Z76:AB76) -> 10 | AE76: 10 | AI76: =SUM(AD76:AH76) -> 10 | AJ76: Nhôm | AK76: 3 | AL76: XN TCME | AM76: 46134 | AO76: Đạt
A77: 1712 | B77: Trạm CS Lai Hưng 144 Trạm 3 | C77: Lai Hưng 144-3 | D77: 100952000 | E77: No.2111000286009 | F77: =VLOOKUP(D77,'[1]Bến Cát'!$E$4:$F$177,2,0) -> 11.194743865985078, 106.62940941651634 | G77: Lai Hưng 144 | H77: Bến Cát | I77: TT 36B | J77: 01 - 03 | L77: 210 | M77: =SUM(K77:L77) -> 210 | N77: T | O77: F | P77: F | Q77: Thép | R77: Có | W77: 7 | Y77: =SUM(S77:X77) -> 7 | Z77: 7 | AC77: =SUM(Z77:AB77) -> 7 | AE77: 7 | AI77: =SUM(AD77:AH77) -> 7 | AJ77: Nhôm | AK77: 3 | AL77: XN TCME | AM77: 46134 | AO77: Đạt
A78: 1785 (1786) | B78: Trạm CS ông Cao Văn Nghĩa bà Lê Thị Ngọc Hà | C78: Mỹ Phước 130 Ngô Quyền | D78: 100938000 | E78: PB.94765 | F78: =VLOOKUP(D78,'[1]Bến Cát'!$E$4:$F$177,2,0) -> 11.1495126, 106.5919162 | G78: Mỹ Phước 130 Ngô Quyền | H78: Bến Cát | I78: SN 49 | J78: 01 - 04 | L78: 220 | M78: =SUM(K78:L78) -> 220 | N78: F | O78: T | P78: F | Q78: Thép | R78: Không | W78: 5 | X78: 3 | Y78: =SUM(S78:X78) -> 8 | Z78: 8 | AC78: =SUM(Z78:AB78) -> 8 | AD78: 3 | AE78: 5 | AI78: =SUM(AD78:AH78) -> 8 | AJ78: Nhôm | AK78: 2 | AL78: XN TCME | AM78: 46134 | AO78: Không đạt
A79: 1740 | B79: Trạm CS đầu đường 76 | C79: cầu đường 76 | D79: 102229000 | E79: No.14009 | F79: =VLOOKUP(D79,'[1]Bến Cát'!$E$4:$F$177,2,0) -> 11.1378854, 106.5998999 | G79: cầu đường 76 | H79: Bến Cát | I79: đối diện SN 120 | J79: 01 - 03 | K79: 1600 | M79: =SUM(K79:L79) -> 1600 | N79: F | O79: T | P79: F | Q79: Thép | R79: Có | W79: 40 | Y79: =SUM(S79:X79) -> 40 | AA79: 40 | AC79: =SUM(Z79:AB79) -> 40 | AD79: 40 | AI79: =SUM(AD79:AH79) -> 40 | AJ79: Đồng | AK79: 3 | AL79: XN TCME | AM79: 46134 | AO79: Đạt
A80: 1742 | B80: Trạm CS QL 13 cây xăng Phát Lợi | C80: Mỹ Phước 39 | D80: 102164000 | E80: PB.04010080814 | F80: =VLOOKUP(D80,'[1]Bến Cát'!$E$4:$F$177,2,0) -> 11.13459111538605, 106.60546835573082 | G80: Mỹ Phước 39 | H80: Bến Cát | I80: SN 465/3 | J80: 01 - 04 | L80: 450 | M80: =SUM(K80:L80) -> 450 | N80: F | O80: T | P80: F | Q80: Thép | R80: Có | W80: 11 | Y80: =SUM(S80:X80) -> 11 | Z80: 11 | AC80: =SUM(Z80:AB80) -> 11 | AE80: 11 | AI80: =SUM(AD80:AH80) -> 11 | AJ80: Nhôm | AK80: 2 | AL80: XN TCME | AM80: 46135 | AO80: Đạt
A81: 1791 | B81: Trạm CS nhà ông Sáu phố | C81: Mỹ Phước 110 | D81: 100939000 | E81: PB.04010094672 | F81: =VLOOKUP(D81,'[1]Bến Cát'!$E$4:$F$177,2,0) -> 11.1507476, 106.59561 | G81: Mỹ Phước 110 | H81: Bến Cát | I81: SN 271 | J81: 01 - 02 | L81: 60 | M81: =SUM(K81:L81) -> 60 | N81: F | O81: T | P81: F | Q81: Composite | R81: Không | V81: 3 | Y81: =SUM(S81:X81) -> 3 | Z81: 3 | AC81: =SUM(Z81:AB81) -> 3 | AE81: 3 | AI81: =SUM(AD81:AH81) -> 3 | AJ81: Nhôm | AK81: 2 | AL81: XN TCME | AM81: 46135 | AO81: Tạm chấp nhận
A82: 1743 | B82: Trạm CS QL 13 nhà ông Trung - Lý Thanh Xuân | C82: Mỹ Phước 37 | D82: 102165000 | E82: No.241200048007 | F82: =VLOOKUP(D82,'[1]Bến Cát'!$E$4:$F$177,2,0) -> 11.135090015919635, 106.60511606558539 | G82: Mỹ Phước 37 | H82: Bến Cát | I82: HT 1B3 | J82: 01 - 03 | L82: 230 | M82: =SUM(K82:L82) -> 230 | N82: F | O82: T | P82: F | Q82: Thép | R82: Có | W82: 7 | Y82: =SUM(S82:X82) -> 7 | Z82: 7 | AC82: =SUM(Z82:AB82) -> 7 | AE82: 7 | AI82: =SUM(AD82:AH82) -> 7 | AJ82: Nhôm | AK82: 2 | AL82: XN TCME | AM82: 46135 | AO82: Đạt
A83: 1744 | B83: Trạm CS QL13 cty Nam Hưng | C83: Mỹ Phước 33 | D83: 102166000 | E83: No.241200048378 | F83: =VLOOKUP(D83,'[1]Bến Cát'!$E$4:$F$177,2,0) -> 11.136344137673486, 106.60485842383508 | G83: Mỹ Phước 33 | H83: Bến Cát | I83: HT 1B3 | J83: 01 - 03 | L83: 245 | M83: =SUM(K83:L83) -> 245 | N83: F | O83: T | P83: F | Q83: Thép | R83: Có | W83: 8 | Y83: =SUM(S83:X83) -> 8 | Z83: 8 | AC83: =SUM(Z83:AB83) -> 8 | AE83: 8 | AI83: =SUM(AD83:AH83) -> 8 | AJ83: Nhôm | AK83: 2 | AL83: XN TCME | AM83: 46135 | AO83: Đạt
A84: 1790 | B84: Trạm CS nhà bà Trương Thị Chúng | C84: Mỹ Phước 108 | D84: 100940000 | E84: No.18110174271 | F84: =VLOOKUP(D84,'[1]Bến Cát'!$E$4:$F$177,2,0) -> 11.1505694, 106.5953095 | G84: Mỹ Phước 108 | H84: Bến Cát | I84: SN 261 | J84: 01 - 02 | L84: 90 | M84: =SUM(K84:L84) -> 90 | N84: F | O84: T | P84: F | Q84: Composite | R84: Không | V84: 3 | Y84: =SUM(S84:X84) -> 3 | Z84: 3 | AC84: =SUM(Z84:AB84) -> 3 | AD84: 3 | AI84: =SUM(AD84:AH84) -> 3 | AJ84: Nhôm | AK84: 2 | AL84: XN TCME | AM84: 46135 | AO84: Tạm chấp nhận
A85: 1745 | B85: Trạm CS QL13 nhà bà Loan | C85: Mỹ Phước 31 | D85: 102617000 | E85: No.1511031644 | F85: 11.1437386, 106.5013043 | G85: Mỹ Phước 31 | H85: Bến Cát | I85: SN 415/4 | J85: 01 - 03 | L85: 210 | M85: =SUM(K85:L85) -> 210 | N85: F | O85: T | P85: F | Q85: Thép | R85: Có | W85: 7 | Y85: =SUM(S85:X85) -> 7 | Z85: 7 | AC85: =SUM(Z85:AB85) -> 7 | AE85: 7 | AI85: =SUM(AD85:AH85) -> 7 | AJ85: Nhôm | AK85: 2 | AL85: XN TCME | AM85: 46135 | AO85: Đạt
A86: 1669 | B86: Trạm CS Lai Hưng 34 | C86: Lai Hưng 34 | D86: 100954000 | E86: No.221100336723 | F86: =VLOOKUP(D86,'[1]Bến Cát'!$E$4:$F$177,2,0) -> 11.19831480442755, 106.60706285371407 | G86: Lai Hưng 34 | H86: Bến Cát | I86: TT 07 | J86: 01 - 08 | L86: 960 | M86: =SUM(K86:L86) -> 960 | N86: F | O86: T | P86: F | Q86: Thép | R86: Có | W86: 19 | Y86: =SUM(S86:X86) -> 19 | Z86: 19 | AC86: =SUM(Z86:AB86) -> 19 | AE86: 19 | AI86: =SUM(AD86:AH86) -> 19 | AJ86: Nhôm | AK86: 2 | AL86: XN TCME | AM86: 46135 | AN86: Lai Hưng 35, 36, 38 chung trạm với Lai Hưng 34 | AO86: Đạt
A87: 1807 | B87: Trạm CS ĐH 620 (đường bến tượng) Trạm 1 | C87: ĐH620-1 | D87: 100953000 | E87: No.2321001446 | F87: =VLOOKUP(D87,'[1]Bến Cát'!$E$4:$F$177,2,0) -> 11.180048594793364, 106.6102754852669 | G87: ĐH 620 | H87: Bến Cát | I87: TT 01 | J87: 01 - 03 | L87: 1750 | M87: =SUM(K87:L87) -> 1750 | N87: F | O87: T | P87: F | Q87: Thép | R87: Không | U87: 27 | Y87: =SUM(S87:X87) -> 27 | Z87: 27 | AC87: =SUM(Z87:AB87) -> 27 | AE87: 27 | AI87: =SUM(AD87:AH87) -> 27 | AJ87: Nhôm | AK87: 3 | AL87: XN TCME | AM87: 46135 | AO87: Tạm chấp nhận
A88: 1807 | B88: Trạm CS ĐH 620 (đường bến tượng) Trạm 2 | C88: ĐH620-2 | D88: 102052000 | E88: No.21001201 | F88: =VLOOKUP(D88,'[1]Bến Cát'!$E$4:$F$177,2,0) -> 11.183175321419446, 106.62606501263701 | G88: ĐH 620 | H88: Bến Cát | I88: TT 01 ông Khương | J88: 01 - 03 | L88: 1960 | M88: =SUM(K88:L88) -> 1960 | N88: F | O88: T | P88: F | Q88: Thép | R88: Có | U88: 28 | Y88: =SUM(S88:X88) -> 28 | Z88: 28 | AC88: =SUM(Z88:AB88) -> 28 | AE88: 28 | AI88: =SUM(AD88:AH88) -> 28 | AJ88: Nhôm | AK88: 3 | AL88: XN TCME | AM88: 46135 | AO88: Đạt
A89: 1789 | B89: Trạm CS Giáp Đường Hùng Vương (nhà ông Đức Hoàng) - Nhà ông Khiêm | C89: Mỹ Phước 151 | D89: 100941000 | E89: PB.04010095585 | F89: =VLOOKUP(D89,'[1]Bến Cát'!$E$4:$F$177,2,0) -> 11.1542689, 106.5910606 | G89: Mỹ Phước 151 | H89: Bến Cát | I89: trụ HT 1A4 | J89: 01 - 02 | L89: 40 | M89: =SUM(K89:L89) -> 40 | N89: F | O89: F | P89: F | W89: 3 | Y89: =SUM(S89:X89) -> 3 | Z89: 2 | AC89: =SUM(Z89:AB89) -> 2 | AE89: 1 | AF89: 1 | AI89: =SUM(AD89:AH89) -> 2 | AJ89: Nhôm | AK89: 2 | AL89: XN TCME | AM89: 46135 | AN89: tủ điều khiển chỉ có CB, người dân đóng mở thủ công | AO89: Không đạt
A90: 1792 | B90: Trạm CS QL13 - DB4 ông Hùng | C90: Mỹ Phước 22 | D90: 102167000 | E90: PB.04010070959 | F90: =VLOOKUP(D90,'[1]Bến Cát'!$E$4:$F$177,2,0) -> 11.14300766819793, 106.60288396756374 | G90: Mỹ Phước 22 | H90: Bến Cát | I90: đầu đường MP 27 | J90: 01 - 02 | L90: 320 | M90: =SUM(K90:L90) -> 320 | N90: F | O90: T | P90: F | Q90: Thép | R90: Không | W90: 8 | Y90: =SUM(S90:X90) -> 8 | Z90: 8 | AC90: =SUM(Z90:AB90) -> 8 | AE90: 8 | AI90: =SUM(AD90:AH90) -> 8 | AJ90: Nhôm | AK90: 3 | AL90: XN TCME | AM90: 46135 | AO90: Tạm chấp nhận
A91: 1788 | B91: Trạm CS ông Thủy | C91: Mỹ Phước 118 | D91: 100942000 | E91: No.251200039769 | F91: =VLOOKUP(D91,'[1]Bến Cát'!$E$4:$F$177,2,0) -> 11.1548829, 106.5910877 | G91: Mỹ Phước 118 | H91: Bến Cát | I91: SN 46/1 | J91: 01 - 02 | L91: 180 | M91: =SUM(K91:L91) -> 180 | N91: T | O91: F | P91: F | Q91: Composite | R91: Không | V91: 11 | Y91: =SUM(S91:X91) -> 11 | Z91: 11 | AC91: =SUM(Z91:AB91) -> 11 | AD91: 11 | AI91: =SUM(AD91:AH91) -> 11 | AJ91: Nhôm | AK91: 2 | AL91: XN TCME | AM91: 46135 | AO91: Tạm chấp nhận
A92: 1673 | B92: Trạm CS Lai Hưng 38 | C92: Lai Hưng 38 | D92: 100955000 | E92: No.21000592 | F92: =VLOOKUP(D92,'[1]Bến Cát'!$E$4:$F$177,2,0) -> 11.199729374032994, 106.61044211233386 | G92: Lai Hưng 38 | H92: Bến Cát | I92: TT 12 | J92: 01 - 04 | L92: 1080 | M92: =SUM(K92:L92) -> 1080 | N92: F | O92: T | P92: F | Q92: Thép | R92: Không | U92: 18 | Y92: =SUM(S92:X92) -> 18 | Z92: 18 | AC92: =SUM(Z92:AB92) -> 18 | AE92: 18 | AI92: =SUM(AD92:AH92) -> 18 | AJ92: Nhôm | AK92: 3 | AL92: XN TCME | AM92: 46135 | AO92: Tạm chấp nhận
A93: 1678 | B93: Trạm CS Lai Hưng 47 | C93: Lai Hưng 47 | D93: 100956000 | E93: No.21082032 | F93: =VLOOKUP(D93,'[1]Bến Cát'!$E$4:$F$177,2,0) -> 11.202428106513945, 106.61125359504113 | G93: Lai Hưng 47 | H93: Bến Cát | I93: HT nằm giữa TT 05 và 06 | J93: 01 - 04 | L93: 690 | M93: =SUM(K93:L93) -> 690 | N93: F | O93: T | P93: F | Q93: Thép | R93: Không | U93: 20 | Y93: =SUM(S93:X93) -> 20 | Z93: 20 | AC93: =SUM(Z93:AB93) -> 20 | AE93: 20 | AI93: =SUM(AD93:AH93) -> 20 | AJ93: Nhôm | AK93: 3 | AL93: XN TCME | AM93: 46135 | AO93: Tạm chấp nhận
A94: 1682 | B94: Trạm CS Lai Hưng 52 | C94: Lai Hưng 52 | D94: 100957000 | E94: No.21110509 | F94: =VLOOKUP(D94,'[1]Bến Cát'!$E$4:$F$177,2,0) -> 11.20381570430534, 106.61671671364954 | G94: Lai Hưng 52 | H94: Bến Cát | I94: SN 210 | J94: 01 - 03 | L94: 600 | M94: =SUM(K94:L94) -> 600 | N94: F | O94: T | P94: F | Q94: Thép | R94: Có | U94: 15 | Y94: =SUM(S94:X94) -> 15 | Z94: 14 | AC94: =SUM(Z94:AB94) -> 14 | AE94: 15 | AI94: =SUM(AD94:AH94) -> 15 | AJ94: Nhôm | AK94: 3 | AL94: XN TCME | AM94: 46135 | AO94: Đạt
A95: 1794 (1795) | B95: Trạm CS nhà ông Sang nhà ông Đỗ Trọng Nhơn | C95: đường TC 3 | D95: 102696000 | E95: No.18110007437 | F95: =VLOOKUP(D95,'[1]Bến Cát'!$E$4:$F$177,2,0) -> 11.1421535, 106.6045351 | G95: đường TC 3 | H95: Bến Cát | I95: SN 24/24A | J95: 01 - 04 | L95: 450 | M95: =SUM(K95:L95) -> 450 | N95: F | O95: T | P95: F | Q95: Thép | R95: Có | W95: 14 | Y95: =SUM(S95:X95) -> 14 | Z95: 14 | AC95: =SUM(Z95:AB95) -> 14 | AE95: 14 | AI95: =SUM(AD95:AH95) -> 14 | AJ95: Nhôm | AK95: 2 | AL95: XN TCME | AM95: 46135 | AO95: Đạt
A96: 1767 | B96: Trạm CS QL13 nhà ông Khanh - suối con Long Hung | C96: Mỹ Phước 04 | D96: 102744000 | E96: PB.04010080815 | F96: =VLOOKUP(D96,'[1]Bến Cát'!$E$4:$F$177,2,0) -> 11.167567364525446, 106.59212783502186 | G96: Mỹ Phước 04 | H96: Bến Cát | I96: HT 1B-5 | J96: 01 - 04 | L96: 370 | M96: =SUM(K96:L96) -> 370 | N96: F | O96: T | P96: F | Q96: Thép | R96: Có | W96: 12 | Y96: =SUM(S96:X96) -> 12 | Z96: 12 | AC96: =SUM(Z96:AB96) -> 12 | AE96: 12 | AI96: =SUM(AD96:AH96) -> 12 | AJ96: Nhôm | AK96: 2 | AL96: XN TCME | AM96: 46135 | AO96: Đạt
A97: 1806 | B97: Trạm CS ĐH 607 bến Chà Vi | C97: ĐH 607 Chà Vi | D97: 100943000 | E97: No.25907015 | F97: =VLOOKUP(D97,'[1]Bến Cát'!$E$4:$F$177,2,0) -> 11.1626091, 106.6020806 | G97: ĐH 607 Chà Vi | H97: Bến Cát | I97: SN 149 | J97: 01 - 05 | L97: 1880 | M97: =SUM(K97:L97) -> 1880 | N97: T | O97: F | P97: F | Q97: Thép | R97: Có | U97: 29 | W97: 6 | Y97: =SUM(S97:X97) -> 35 | Z97: 35 | AC97: =SUM(Z97:AB97) -> 35 | AE97: 35 | AI97: =SUM(AD97:AH97) -> 35 | AJ97: Nhôm | AK97: 3 | AL97: XN TCME | AM97: 46135 | AO97: Đạt
A98: 1674 | B98: Trạm CS Lai Hưng 39 | C98: Lai Hưng 39 | D98: 100958000 | E98: No.221100045463 | F98: =VLOOKUP(D98,'[1]Bến Cát'!$E$4:$F$177,2,0) -> 11.198095785377737, 106.6163873572497 | G98: Lai Hưng 39 | H98: Bến Cát | I98: HT 2-2 LH 38 | J98: 01 - 02 | L98: 300 | M98: =SUM(K98:L98) -> 300 | N98: F | O98: T | P98: F | Q98: Thép | R98: Có | U98: 6 | Y98: =SUM(S98:X98) -> 6 | Z98: 6 | AC98: =SUM(Z98:AB98) -> 6 | AE98: 6 | AI98: =SUM(AD98:AH98) -> 6 | AJ98: Nhôm | AK98: 3 | AL98: XN TCME | AM98: 46135 | AO98: Đạt
A99: 1769 | B99: Trạm CS QL13 chín Giỏi - sáu Quang | C99: Mỹ Phước 12 | D99: 102745000 | E99: PB.04010099684 | F99: =VLOOKUP(D99,'[1]Bến Cát'!$E$4:$F$177,2,0) -> 11.161073539145935, 106.59262208900303 | G99: Mỹ Phước 12 | H99: Bến Cát | I99: HT 1A3 | J99: 01 - 04 | L99: 690 | M99: =SUM(K99:L99) -> 690 | N99: T | O99: F | P99: F | Q99: Thép | R99: Có | W99: 22 | Y99: =SUM(S99:X99) -> 22 | Z99: 22 | AC99: =SUM(Z99:AB99) -> 22 | AE99: 22 | AI99: =SUM(AD99:AH99) -> 22 | AJ99: Nhôm | AK99: 3 | AL99: XN TCME | AM99: 46135 | AO99: Đạt
A100: 1683 | B100: Trạm CS Lai Hưng 56 | C100: Lai Hưng 56 | D100: 100959000 | E100: No.221100363223 | F100: =VLOOKUP(D100,'[1]Bến Cát'!$E$4:$F$177,2,0) -> 11.211118987729726, 106.63329161786073 | G100: Lai Hưng 56 | H100: Bến Cát | I100: HT nằm giữa TT 07B và TT 08 | J100: 01 - 03 | L100: 840 | M100: =SUM(K100:L100) -> 840 | N100: T | O100: F | P100: F | Q100: Thép | R100: Có | W100: 22 | Y100: =SUM(S100:X100) -> 22 | Z100: 23 | AC100: =SUM(Z100:AB100) -> 23 | AE100: 23 | AI100: =SUM(AD100:AH100) -> 23 | AJ100: Nhôm | AK100: 3 | AL100: XN TCME | AM100: 46135 | AO100: Đạt
A101: 1760 | B101: Trạm CS Giáp đường láng nhựa (nhà ông Lớn) - Đất bà Bậu | C101: Láng nhựa -đất bà bậu | D101: 101273000 | E101: No.241200025135 | F101: =VLOOKUP(D101,'[1]Bến Cát'!$E$4:$F$177,2,0) -> 11.1628317, 106.5984251 | G101: Láng nhựa -đất bà bậu | H101: Bến Cát | I101: đối diện SN 14/06 | J101: 01 - 03 | L101: 240 | M101: =SUM(K101:L101) -> 240 | N101: F | O101: T | P101: F | Q101: Thép | R101: Có | W101: 8 | Y101: =SUM(S101:X101) -> 8 | Z101: 8 | AC101: =SUM(Z101:AB101) -> 8 | AE101: 8 | AI101: =SUM(AD101:AH101) -> 8 | AJ101: Nhôm | AK101: 2 | AL101: XN TCME | AM101: 46135 | AO101: Đạt
A102: 1806 | B102: Trạm CS ĐH 607 Bến Chà Vi Trạm 2 | C102: ĐH 607 | D102: 102231000 | E102: No.2321001440 | F102: =VLOOKUP(D102,'[1]Bến Cát'!$E$4:$F$177,2,0) -> 11.1693823, 106.6151814 | G102: ĐH 607 | H102: Bến Cát | I102: trụ HT 15 46/18/05 bến chà vi | J102: 01 - 05 | L102: 1995 | M102: =SUM(K102:L102) -> 1995 | N102: F | O102: T | P102: F | Q102: Thép | R102: Có | U102: 25 | W102: 4 | Y102: =SUM(S102:X102) -> 29 | Z102: 29 | AC102: =SUM(Z102:AB102) -> 29 | AE102: 29 | AI102: =SUM(AD102:AH102) -> 29 | AJ102: Nhôm | AK102: 3 | AL102: XN TCME | AM102: 46135 | AO102: Đạt
...

Sheet Bầu Bàng
A1: BIỄU MẪU KIỂM TRA HỆ THỐNG CHIẾU SÁNG TRÊN ĐỊA BÀN XÃ BÀU BÀNG
A3: STT (Theo danh sách Trung tâm) | B3: Tên tủ điều khiển | C3: Mã QR tủ điều khiển | D3: MÃ NO/PE | E3: Định vị | F3: Tuyến đường | G3: Phường/Xã | H3: Địa chỉ tủ điều khiển | I3: Lý trình | J3: Chiều dài tuyến | M3: Trạm đèn | R3: Bộ đèn | AC3: Cần đèn | AI3: Cáp | AK3: Đơn vị khảo sát | AL3: Ngày khảo sát | AM3: Ghi chú | AN3: Đánh giá
J4: Cáp ngầm | K4: Cáp nổi | L4: Tổng cộng | M4: dùng PLC | N4: dùng Timer | O4: Tủ KNTT | P4: Loại tủ (Thép/ Composite) | Q4: Tiếp địa (có hay không) | R4: HPS | V4: LED | W4: Khác (Pha, Trang trí, …) | X4: Tổng cộng | Y4: Trụ đèn (Trừ các trụ do Điện lực quản lý) | AB4: Tổng cộng | AC4: Đơn | AE4: Đôi Ø60 | AF4: Ba Ø60 | AG4: Bốn Ø60 | AH4: Tổng cộng | AI4: Cáp từ tủ ra đèn
R5: 100W | S5: 150W | T5: 250W | U5: Khác | Y5: Bê tông | Z5: Kim loại | AA5: Trang trí | AC5: Ø49 | AD5: Ø60 | AI5: Cáp đồng hay nhôm | AJ5: Số sợi (1/2/3/4)
A6: (1) | B6: (2) | C6: (3) | D6: (4) | F6: (5) | G6: (6) | H6: (7) | I6: (8) | J6: (9) | K6: (10) | L6: (11) | M6: (12) | N6: (13) | O6: (14) | P6: (15) | Q6: (16) | R6: (17) | S6: (18) | T6: (19) | U6: (20) | V6: (21) | W6: (22) | X6: (23) | Y6: (24) | Z6: (25) | AA6: (26) | AB6: (27) | AC6: (28) | AD6: (29) | AE6: (30) | AF6: (31) | AG6: (32) | AH6: (33) | AI6: (34) | AJ6: (35) | AK6: (36) | AL6: (37) | AM6: (38)
B7: =SUBTOTAL(3,B9:B9299) -> 1 | C7: =SUBTOTAL(3,C9:C9299) -> 1 | D7: =SUBTOTAL(3,D9:D9299) -> 1 | F7: =SUBTOTAL(3,F9:F9299) -> 1 | G7: =SUBTOTAL(3,G9:G9299) -> 1 | H7: =SUBTOTAL(3,H9:H9299) -> 0 | I7: =SUBTOTAL(3,I9:I9299) -> 1 | J7: =SUBTOTAL(3,J9:J9299) -> 0 | K7: =SUBTOTAL(3,K9:K9299) -> 1 | L7: =SUBTOTAL(3,L9:L9299) -> 1 | M7: =SUBTOTAL(3,M9:M9299) -> 1 | ... Q7: =SUBTOTAL(3,Q9:Q9299) -> 1 | U7: =SUBTOTAL(3,U9:U9299) -> 0 | V7: =SUBTOTAL(3,V9:V9299) -> 1 | X7: =SUBTOTAL(3,X9:X9299) -> 1 | Y7: =SUBTOTAL(3,Y9:Y9299) -> 1 | Z7: =SUBTOTAL(3,Z9:Z9299) -> 0 | AA7: =SUBTOTAL(3,AA9:AA9299) -> 0 | AB7: =SUBTOTAL(3,AB9:AB9299) -> 1 | AC7: =SUBTOTAL(3,AC9:AC9299) -> 0 | AD7: =SUBTOTAL(3,AD9:AD9299) -> 1 | AE7: =SUBTOTAL(3,AE9:AE9299) -> 0 | ... AM7: =SUBTOTAL(3,AM9:AM9299) -> 0
A9: 2287 | B9: Lai Uyên 19 | C9: 101124000 | D9: No.210045824 | E9: 11.3297471, 106.6333761 | F9: Lai Uyên 19 | G9: Bàu Bàng | H9: 224 | I9: 1-31 | K9: 1473 | L9: =SUM(J9:K9) -> 1473 | M9: F | N9: T | P9: T | Q9: K | U9: 16 | V9: 15 | X9: =SUM(R9:W9) -> 31 | Y9: 31 | AB9: =SUM(Y9:AA9) -> 31 | AC9: 31 | AH9: =SUM(AC9:AG9) -> 31 | AI9: N | AJ9: 3 | AK9: CSKV BẮC | AL9: 46105
A10: 2288 | B10: Lai Uyên 20-2 | C10: 101121000 | D10: No.21004186 | E10: 11.3173873, 106.6321377 | F10: Lai Uyên 20 | G10: Bàu Bàng | H10: 46 TỔ 1 Ấp Bàu Bàng | I10: 1-21 | K10: 752 | L10: =SUM(J10:K10) -> 752 | M10: F | N10: T | P10: T | Q10: K | U10: 21 | X10: =SUM(R10:W10) -> 21 | Y10: 21 | AB10: =SUM(Y10:AA10) -> 21 | AC10: 21 | AH10: =SUM(AC10:AG10) -> 21 | AI10: N | AJ10: 3 | AK10: CSKV BẮC | AL10: 46105
A11: 2288 | B11: Lai Uyên 20-1 | C11: 101120000 | E11: 11.3242289, 106.6305235 | F11: Lai Uyên 20 | G11: Bàu Bàng | H11: gần 115 Lai Uyên 20 | I11: 1-22 | K11: =2103-K13+K14 -> 2028 | L11: =SUM(J11:K11) -> 2028 | M11: F | N11: T | P11: T | Q11: K | U11: 22 | X11: =SUM(R11:W11) -> 22 | Y11: 22 | AB11: =SUM(Y11:AA11) -> 22 | AC11: 22 | AH11: =SUM(AC11:AG11) -> 22 | AI11: N | AJ11: 3 | AK11: CSKV BẮC | AL11: 46105
A12: 2289 | B12: Lai Uyên 22 | C12: 101123000 | D12: No.21080276 | E12: 11.3242245, 106.6320117 | F12: Lai Uyên 22 | G12: Bàu Bàng | H12: 129 | I12: 46143 | K12: 322 | L12: =SUM(J12:K12) -> 322 | M12: F | N12: T | P12: T | Q12: K | U12: 5 | X12: =SUM(R12:W12) -> 5 | Y12: 5 | AB12: =SUM(Y12:AA12) -> 5 | AC12: 5 | AH12: =SUM(AC12:AG12) -> 5 | AI12: N | AJ12: 3 | AK12: CSKV BẮC | AL12: 46105
A13: 2290 | F13: Lai Uyên - 23 | G13: Bàu Bàng | I13: 1-11 | K13: 440 | L13: =SUM(J13:K13) -> 440 | V13: 11 | X13: =SUM(R13:W13) -> 11 | Y13: 11 | AB13: 11 | AC13: 11 | AH13: 11 | AK13: CSKV BẮC
A14: 2291 | F14: Lai Uyên - 24 | G14: Bàu Bàng | I14: 1-10 | K14: 365 | L14: =SUM(J14:K14) -> 365 | V14: 10 | X14: 10 | Y14: 10 | AB14: 10 | AC14: 10 | AH14: 10 | AK14: CSKV BẮC
A15: 2292 | B15: Lai Uyên 25 | C15: 101122000 | D15: No.21072679 | E15: 11.3198451, 106.6325911 | F15: Lai Uyên 25 | G15: Bàu Bàng | H15: đối diện trạm y tế | I15: 46204 | K15: 348 | L15: =SUM(J15:K15) -> 348 | M15: F | N15: T | P15: T | Q15: C | U15: 7 | X15: =SUM(R15:W15) -> 7 | Y15: 7 | AB15: =SUM(Y15:AA15) -> 7 | AC15: 7 | AH15: =SUM(AC15:AG15) -> 7 | AI15: N | AJ15: 3 | AK15: CSKV BẮC | AL15: 46105
A16: 2293 | F16: Lai Uyên - 26 | G16: Bàu Bàng | I16: 1-6 | K16: 345 | U16: 6 | X16: 6 | Y16: 6 | AD16: 6 | AH16: 6 | AK16: CSKV BẮC
A17: 2294 | B17: Lai Uyên 27 | C17: 109314000 | D17: No.21034660 | E17: 11.328234, 106.634969 | F17: Lai Uyên 27 | G17: Bàu Bàng | H17: ngã 3 QL13-Lai Uyên 27 | I17: 1-10 | K17: =555+65 -> 620 | L17: =SUM(J17:K17) -> 620 | N17: T | P17: T | U17: 10 | X17: =SUM(R17:W17) -> 10 | Y17: 10 | AB17: =SUM(Y17:AA17) -> 10 | AD17: 10 | AH17: =SUM(AC17:AG17) -> 10 | AI17: N | AJ17: 3 | AK17: CSKV BẮC | AL17: 46106
A18: 2295 | B18: Lai Uyên 28 | C18: 101313000 | D18: No.21072767 | E18: 11.327118, 106.6347711 | F18: Lai Uyên 28 | G18: Bàu Bàng | H18: Nhà thuốc tây chín Minh Hòa | I18: 1-12 | K18: 710 | L18: =SUM(J18:K18) -> 710 | N18: T | P18: T | U18: 12 | X18: =SUM(R18:W18) -> 12 | Y18: 12 | AB18: =SUM(Y18:AA18) -> 12 | AD18: 12 | AH18: =SUM(AC18:AG18) -> 12 | AI18: N | AJ18: 3 | AK18: CSKV BẮC | AL18: 46106
A19: 2296 | B19: Lai Uyên 29 | C19: 101316000 | D19: No.25092038 | E19: 11.3252714, 106.6361642 | F19: Lai Uyên 29 | G19: Bàu Bàng | I19: 1-8 | K19: 405 | L19: =SUM(J19:K19) -> 405 | N19: T | P19: T | U19: 8 | X19: =SUM(R19:W19) -> 8 | Y19: 8 | AB19: =SUM(Y19:AA19) -> 8 | AD19: 8 | AH19: =SUM(AC19:AG19) -> 8 | AI19: N | AJ19: 3 | AK19: CSKV BẮC | AL19: 46106
A20: 2297 | F20: Lai Uyên 30 | G20: Bàu Bàng | I20: 1-9 | K20: 410 | L20: =SUM(J20:K20) -> 410 | U20: 9 | X20: =SUM(R20:W20) -> 9 | Y20: 9 | AB20: =SUM(Y20:AA20) -> 9 | AD20: 9 | AH20: =SUM(AC20:AG20) -> 9 | AK20: CSKV BẮC | AL20: 46106
A21: 2298 | B21: Lai Uyên 31 | C21: 101151000 | D21: No.1611496202 | E21: 11.3163822, 106.6364142 | F21: Lai Uyên 31 | G21: Bàu Bàng | H21: ĐL2/1 | I21: 1-6 | K21: 195 | L21: =SUM(J21:K21) -> 195 | N21: T | P21: T | V21: 6 | X21: =SUM(R21:W21) -> 6 | AB21: =SUM(Y21:AA21) -> 0 | AD21: 6 | AH21: =SUM(AC21:AG21) -> 6 | AI21: N | AJ21: 3 | AK21: CSKV BẮC | AL21: 46106
A22: 2299 | B22: Lai Uyên 33 | C22: 101153000 | D22: No.21048552 | E22: 11.3188514, 106.6378344 | F22: Lai Uyên 32 | G22: Bàu Bàng | H22: 177 | I22: 1-34 | K22: =245+490+375 -> 1110 | L22: =SUM(J22:K22) -> 1110 | N22: T | P22: T | U22: 9 | V22: 25 | X22: =SUM(R22:W22) -> 34 | Y22: 34 | AB22: =SUM(Y22:AA22) -> 34 | AD22: 34 | AH22: =SUM(AC22:AG22) -> 34 | AI22: N | AJ22: 3 | AK22: CSKV BẮC | AL22: 46106
A23: 2300 | F23: Lai Uyên 33 | G23: Bàu Bàng | I23: 1-3 | K23: 110 | L23: =SUM(J23:K23) -> 110 | U23: 3 | X23: =SUM(R23:W23) -> 3 | Y23: 3 | AB23: =SUM(Y23:AA23) -> 3 | AD23: 3 | AH23: =SUM(AC23:AG23) -> 3 | AK23: CSKV BẮC | AL23: 46106
A24: 2301 | B24: Lai Uyên 33-2 | C24: 101154000 | D24: No.1611166860 | E24: 11.3223577, 106.6404766 | F24: Lai Uyên 34 | G24: Bàu Bàng | H24: ĐL02 | I24: 1-32 | K24: 1495 | L24: =SUM(J24:K24) -> 1495 | N24: T | P24: T | U24: 21 | V24: 11 | X24: =SUM(R24:W24) -> 32 | Y24: 32 | AB24: =SUM(Y24:AA24) -> 32 | AD24: 32 | AH24: =SUM(AC24:AG24) -> 32 | AI24: N | AJ24: 3 | AK24: CSKV BẮC | AL24: 46106
A25: 2302 | B25: Lai Uyên 36 | C25: 101315000 | D25: No.211100282890 | E25: 11.3212317, 106.6431971 | F25: Lai Uyên 36 | G25: Bàu Bàng | I25: 1-19 | K25: =170+560 -> 730 | L25: =SUM(J25:K25) -> 730 | N25: T | P25: T | V25: 19 | X25: =SUM(R25:W25) -> 19 | Y25: 19 | AB25: =SUM(Y25:AA25) -> 19 | AD25: 19 | AH25: =SUM(AC25:AG25) -> 19 | AI25: N | AJ25: 3 | AK25: CSKV BẮC | AL25: 46106
A26: 2303 | B26: Lai Uyên 37 | C26: 101151000 | D26: No.221100335949 | E26: 11.3163822, 106.6364142 | F26: Lai Uyên 37 | G26: Bàu Bàng | H26: ĐL3/3 | I26: 1-20 | K26: =718 -> 718 | L26: =SUM(J26:K26) -> 718 | M26: T | P26: T | V26: 20 | X26: =SUM(R26:W26) -> 20 | Y26: 20 | AB26: =SUM(Y26:AA26) -> 20 | AD26: 20 | AH26: =SUM(AC26:AG26) -> 20 | AI26: N | AJ26: 3 | AK26: CSKV BẮC | AL26: 46106
A27: 2304 | B27: Lai Uyên 39 | C27: 101312000 | E27: 11.3177627, 106.6378529 | F27: Lai Uyên 39 | G27: Bàu Bàng | H27: 159 Ấp Xà Mách | I27: 1-6 | K27: 270 | L27: =SUM(J27:K27) -> 270 | M27: T | P27: T | V27: 6 | X27: =SUM(R27:W27) -> 6 | Y27: 6 | AB27: =SUM(Y27:AA27) -> 6 | AC27: 6 | AH27: =SUM(AC27:AG27) -> 6 | AI27: N | AJ27: 3 | AK27: CSKV BẮC | AL27: 46106
A28: 2305 | F28: Lai Uyên 40 | G28: Bàu Bàng | I28: 1-13 | K28: 511 | L28: =SUM(J28:K28) -> 511 | U28: 13 | X28: =SUM(R28:W28) -> 13 | Y28: 13 | AB28: 13 | AD28: 13 | AH28: 13 | AK28: CSKV BẮC | AL28: 46106
A29: 2306 | B29: Lai Uyên 41 | C29: 101317000 | D29: No.25088053 | E29: 11.3175158, 106.6402463 | F29: Lai Uyên 41 | G29: Bàu Bàng | H29: Ngã 3 ĐH618-Lai uyên 41 | I29: 1-7 | K29: 290 | L29: =SUM(J29:K29) -> 290 | M29: T | P29: T | V29: 7 | X29: =SUM(R29:W29) -> 7 | Y29: 7 | AB29: =SUM(Y29:AA29) -> 7 | AD29: 7 | AH29: =SUM(AC29:AG29) -> 7 | AI29: N | AJ29: 3 | AK29: CSKV BẮC | AL29: 46106
A30: 2307 | B30: Lai Uyên 44 | C30: 101182000 | D30: No.221100308855 | E30: 11.3111464, 106.6269912 | F30: Lai Uyên 44 | G30: Bàu Bàng | I30: 1-19 | K30: 688 | L30: =SUM(J30:K30) -> 688 | N30: T | P30: T | V30: 19 | X30: =SUM(R30:W30) -> 19 | Y30: 19 | AB30: =SUM(Y30:AA30) -> 19 | AD30: 19 | AH30: =SUM(AC30:AG30) -> 19 | AI30: N | AJ30: 3 | AK30: CSKV BẮC | AL30: 46106
A31: 2308 | B31: Lai Uyên 45-1 | C31: 101185000 | D31: No.221100333016 | E31: 11.3034667, 106.6233392 | F31: Lai Uyên 45 | G31: Bàu Bàng | I31: 1-55 | K31: =2007-K33-K34 -> 1428 | L31: =SUM(J31:K31) -> 1428 | M31: T | P31: T | V31: =55-V33-V34 -> 37 | X31: =SUM(R31:W31) -> 37 | Y31: 37 | AB31: =SUM(Y31:AA31) -> 37 | AD31: 37 | AH31: =SUM(AC31:AG31) -> 37 | AI31: N | AJ31: 2 | AK31: CSKV BẮC | AL31: 46106
A32: 2308 | B32: Lai Uyên 45-2 | C32: 101188000 | E32: 11.3034061, 106.606986 | F32: Lai Uyên 45 | G32: Bàu Bàng | I32: 1-25 | K32: 1761 | L32: =SUM(J32:K32) -> 1761 | N32: T | P32: T | V32: 25 | X32: =SUM(R32:W32) -> 25 | Y32: 25 | AB32: =SUM(Y32:AA32) -> 25 | AD32: 25 | AH32: =SUM(AC32:AG32) -> 25 | AI32: N | AJ32: 3 | AK32: CSKV BẮC | AL32: 46106
A33: 2309 | F33: Lai Uyên 46 | G33: Bàu Bàng | I33: =1&"-"&X33 -> 1-4 | K33: 110 | L33: =SUM(J33:K33) -> 110 | V33: 4 | X33: =SUM(R33:W33) -> 4 | Y33: 4 | AB33: 4 | AD33: 4 | AH33: 4 | AK33: CSKV BẮC
A34: 2310 | F34: Lai Uyên 47 | G34: Bàu Bàng | I34: =1&"-"&X34 -> 1-14 | K34: =237+232 -> 469 | L34: =SUM(J34:K34) -> 469 | V34: 14 | X34: =SUM(R34:W34) -> 14 | Y34: 14 | AB34: 14 | AD34: 14 | AH34: 14 | AK34: CSKV BẮC
A35: 2311 | B35: Lai Uyên 51 | C35: 101208000 | E35: 11.2917846, 106.6313945 | F35: Lai Uyên 51 | G35: Bàu Bàng | I35: 1-22 | K35: 860 | L35: =SUM(J35:K35) -> 860 | V35: 22 | X35: =SUM(R35:W35) -> 22 | Y35: 22 | AB35: =SUM(Y35:AA35) -> 22 | AD35: 22 | AH35: =SUM(AC35:AG35) -> 22 | AI35: N | AJ35: 3 | AK35: CSKV BẮC | AL35: 46106
A36: 2312 | B36: Lai Uyên 52-1 | C36: 101170000 | D36: No.21007399 | E36: 11.3106883, 106.6345621 | F36: Lai Uyên 52 | G36: Bàu Bàng | I36: 1-14 | K36: 751 | L36: =SUM(J36:K36) -> 751 | N36: T | P36: T | U36: 7 | X36: =SUM(R36:W36) -> 7 | Y36: 7 | AB36: =SUM(Y36:AA36) -> 7 | AD36: 7 | AH36: =SUM(AC36:AG36) -> 7 | AI36: N | AJ36: 3 | AK36: CSKV BẮC | AL36: 46106
A37: 2312 | B37: Lai Uyên 52-2 | C37: 101173000 | D37: No.21031972 | E37: 11.3126062, 106.6391656 | F37: Lai Uyên 52 | G37: Bàu Bàng | I37: 1-17 | K37: 932 | L37: =SUM(J37:K37) -> 932 | N37: T | P37: T | V37: 17 | X37: =SUM(R37:W37) -> 17 | Y37: 17 | AB37: =SUM(Y37:AA37) -> 17 | AD37: 17 | AH37: =SUM(AC37:AG37) -> 17 | AI37: N | AJ37: 3 | AK37: CSKV BẮC | AL37: 46106
A38: 2312 | B38: Lai Uyên 52-3 | C38: 101176000 | D38: No.22425293 | E38: 11.3059021, 106.6480739 | F38: Lai Uyên 52 | G38: Bàu Bàng | I38: 1-20 | K38: 904 | L38: =SUM(J38:K38) -> 904 | N38: T | P38: T | U38: 7 | V38: 13 | X38: =SUM(R38:W38) -> 20 | Y38: 20 | AB38: =SUM(Y38:AA38) -> 20 | AD38: 20 | AH38: =SUM(AC38:AG38) -> 20 | AI38: N | AJ38: 3 | AK38: CSKV BẮC | AL38: 46106
A39: 2313 | B39: Lai Uyên 53 | C39: 101179000 | D39: No.17115871 | E39: 11.3074862, 106.6501311 | F39: Lai Uyên 53 | G39: Bàu Bàng | I39: 1-6 | K39: 145 | L39: =SUM(J39:K39) -> 145 | M39: T | P39: T | V39: 6 | X39: =SUM(R39:W39) -> 6 | Y39: 6 | AB39: =SUM(Y39:AA39) -> 6 | AD39: 6 | AH39: =SUM(AC39:AG39) -> 6 | AI39: N | AJ39: 3 | AK39: CSKV BẮC | AL39: 46106
A40: 2314 | F40: Lai Uyên 54 | G40: Bàu Bàng | I40: 1-7 | K40: 209 | L40: =SUM(J40:K40) -> 209 | V40: 17 | X40: =SUM(R40:W40) -> 17 | Y40: 17 | AD40: 17 | AH40: 17 | AK40: CSKV BẮC | AL40: 46106
A41: 2315 | B41: Lai Uyên 55-1 | C41: 101246000 | D41: No.89552 | E41: 11.307716, 106.6321799 | F41: Lai Uyên 55 | G41: Bàu Bàng | I41: 46357 | K41: 840 | L41: =SUM(J41:K41) -> 840 | M41: F | N41: T | P41: T | Q41: K | U41: 12 | X41: =SUM(R41:W41) -> 12 | Y41: 12 | AB41: =SUM(Y41:AA41) -> 12 | AC41: 12 | AH41: =SUM(AC41:AG41) -> 12 | AK41: CSKV BẮC | AL41: 46105
A42: 2315 | B42: Lai Uyên 55-2 | C42: 101247000 | D42: No.25288 | E42: 11.3044544, 106.6463031 | F42: Lai Uyên 55 | G42: Bàu Bàng | I42: 46357 | K42: 1025 | L42: =SUM(J42:K42) -> 1025 | M42: F | N42: T | P42: T | Q42: K | U42: 12 | X42: =SUM(R42:W42) -> 12 | Y42: 12 | AB42: =SUM(Y42:AA42) -> 12 | AC42: 12 | AH42: =SUM(AC42:AG42) -> 12 | AI42: Đ | AJ42: 3 | AK42: CSKV BẮC | AL42: 46105
A43: 2316 | B43: Lai Uyên 56 | C43: 101245000 | D43: No.1611082599 | E43: 11.305245, 106.631545 | F43: Lai Uyên 56 | G43: Bàu Bàng | I43: 46204 | K43: 230 | L43: =SUM(J43:K43) -> 230 | M43: F | N43: T | P43: T | Q43: K | V43: 7 | X43: =SUM(R43:W43) -> 7 | Y43: 7 | AB43: =SUM(Y43:AA43) -> 7 | AD43: 7 | AH43: =SUM(AC43:AG43) -> 7 | AI43: Đ | AJ43: 3 | AK43: CSKV BẮC | AL43: 46105
A44: 2317 | B44: Lai Uyên 58 | C44: 101244000 | D44: No.1611164938 | E44: 11.30323, 106.6323428 | F44: Lai Uyên 58 | G44: Bàu Bàng | I44: 1-17 | K44: 660 | L44: =SUM(J44:K44) -> 660 | M44: F | N44: T | P44: T | Q44: K | V44: 17 | X44: =SUM(R44:W44) -> 17 | Y44: 17 | AB44: =SUM(Y44:AA44) -> 17 | AD44: 17 | AH44: =SUM(AC44:AG44) -> 17 | AI44: Đ | AJ44: 3 | AK44: CSKV BẮC | AL44: 46105
A45: 2318 | B45: Lai Uyên 59 | C45: 101243000 | D45: No.1611082543 | E45: 11.3024229, 106.6316658 | F45: Lai Uyên 59 | G45: Bàu Bàng | H45: 191 | I45: 46235 | K45: 268 | L45: =SUM(J45:K45) -> 268 | M45: T | N45: F | P45: T | Q45: K | V45: 8 | X45: =SUM(R45:W45) -> 8 | Y45: 8 | AB45: =SUM(Y45:AA45) -> 8 | AD45: 8 | AH45: =SUM(AC45:AG45) -> 8 | AI45: Đ | AJ45: 3 | AK45: CSKV BẮC | AL45: 46105
A46: 2319 | B46: Lai Uyên 60 | C46: 101242000 | D46: No.221100332355 | E46: 11.2902517, 106.6330117 | F46: Lai Uyên 60 | G46: Bàu Bàng | I46: 46296 | K46: 384 | L46: =SUM(J46:K46) -> 384 | M46: F | N46: T | P46: T | Q46: K | V46: 10 | X46: =SUM(R46:W46) -> 10 | Y46: 10 | AB46: =SUM(Y46:AA46) -> 10 | AD46: 10 | AH46: =SUM(AC46:AG46) -> 10 | AI46: Đ | AJ46: 3 | AK46: CSKV BẮC | AL46: 46105
A47: 2320 | B47: Lai Uyên 61-1 | C47: 101241000 | D47: No.1611266216 | E47: 11.2940354, 106.632552 | F47: Lai Uyên 61 | G47: Bàu Bàng | I47: 1-21 | K47: 743 | L47: =SUM(J47:K47) -> 743 | M47: F | N47: T | P47: T | Q47: K | V47: 21 | X47: =SUM(R47:W47) -> 21 | Y47: 21 | AB47: =SUM(Y47:AA47) -> 21 | AD47: 21 | AH47: =SUM(AC47:AG47) -> 21 | AI47: Đ | AJ47: 3 | AK47: CSKV BẮC | AL47: 46105
A48: 2320 | B48: Lai Uyên 61-2 | C48: 101240000 | D48: No.22408358 | E48: 11.2938119, 106.6364604 | F48: Lai Uyên 61 | G48: Bàu Bàng | I48: 46357 | K48: 726 | L48: =SUM(J48:K48) -> 726 | M48: F | N48: T | P48: T | Q48: K | V48: 12 | X48: =SUM(R48:W48) -> 12 | Y48: 12 | AB48: =SUM(Y48:AA48) -> 12 | AD48: 12 | AH48: =SUM(AC48:AG48) -> 12 | AI48: Đ | AJ48: 3 | AK48: CSKV BẮC | AL48: 46105
A49: 2321 | B49: Lai Uyên 63 | C49: 101249000 | D49: No.22434768 | E49: 11.3156868, 106.6638202 | F49: Lai Uyên 63 | G49: Bàu Bàng | I49: 1-24 | K49: 831 | L49: =SUM(J49:K49) -> 831 | N49: T | P49: T | V49: 24 | X49: =SUM(R49:W49) -> 24 | Y49: 24 | AB49: =SUM(Y49:AA49) -> 24 | AD49: 24 | AH49: =SUM(AC49:AG49) -> 24 | AI49: N | AJ49: 3 | AK49: CSKV BẮC | AL49: 46106
A50: 2322 | B50: Lai Uyên 64 | C50: 101250000 | D50: No.21110252 | E50: 11.3178533, 106.6571517 | F50: Lai Uyên 64 | G50: Bàu Bàng | I50: 1-30 | K50: 2322 | L50: =SUM(J50:K50) -> 2322 | M50: T | P50: T | V50: 30 | X50: =SUM(R50:W50) -> 30 | Y50: 30 | AB50: =SUM(Y50:AA50) -> 30 | AD50: 30 | AH50: =SUM(AC50:AG50) -> 30 | AI50: Đ | AJ50: 3 | AK50: CSKV BẮC | AL50: 46106
A51: 2323 | B51: Lai Uyên 65 | C51: 101253000 | D51: No.21007402 | E51: 11.3140873, 106.6577616 | F51: Lai Uyên 65 | G51: Bàu Bàng | I51: 1-27 | K51: 1223 | L51: =SUM(J51:K51) -> 1223 | M51: T | P51: T | V51: 27 | X51: =SUM(R51:W51) -> 27 | Y51: 27 | AB51: =SUM(Y51:AA51) -> 27 | AD51: 27 | AH51: =SUM(AC51:AG51) -> 27 | AI51: Đ | AJ51: 3 | AK51: CSKV BẮC | AL51: 46106
A52: 2324 | B52: Lai Uyên 66 | C52: 101252000 | D52: No.21039943 | E52: 11.313755, 106.6500967 | F52: Lai Uyên 66 | G52: Bàu Bàng | I52: 1-11 | K52: 352 | L52: =SUM(J52:K52) -> 352 | M52: T | P52: T | V52: 11 | X52: =SUM(R52:W52) -> 11 | Y52: 11 | AB52: =SUM(Y52:AA52) -> 11 | AD52: 11 | AH52: =SUM(AC52:AG52) -> 11 | AI52: N | AJ52: 3 | AK52: CSKV BẮC | AL52: 46106
A53: 2325 | B53: Lai Uyên 67 | C53: 101251000 | D53: No.1511286339 | E53: 11.3153397, 106.6480005 | F53: Lai Uyên 67 | G53: Bàu Bàng | I53: 1-21 | K53: 782 | L53: =SUM(J53:K53) -> 782 | M53: T | P53: T | V53: 21 | X53: =SUM(R53:W53) -> 21 | Y53: 21 | AB53: =SUM(Y53:AA53) -> 21 | AD53: 21 | AH53: =SUM(AC53:AG53) -> 21 | AI53: N | AJ53: 3 | AK53: CSKV BẮC | AL53: 46106
A54: 2326 | F54: Lai Uyên 68 | G54: Bàu Bàng | I54: 1-15 | K54: 330 | L54: =SUM(J54:K54) -> 330 | V54: 15 | X54: =SUM(R54:W54) -> 15 | Y54: 15 | AB54: =SUM(Y54:AA54) -> 15 | AD54: 15 | AH54: =SUM(AC54:AG54) -> 15 | AK54: CSKV BẮC | AL54: 46106
A55: 2327 | B55: Lai Uyên 69 | C55: 101254000 | D55: PB.27244 | E55: 11.311736, 106.646295 | F55: Lai Uyên 69 | G55: Bàu Bàng | I55: 1-36 | K55: =2023-330 -> 1693 | L55: =SUM(J55:K55) -> 1693 | M55: T | P55: T | V55: =51-15 -> 36 | X55: =SUM(R55:W55) -> 36 | Y55: 36 | AB55: =SUM(Y55:AA55) -> 36 | AD55: 36 | AH55: =SUM(AC55:AG55) -> 36 | AI55: Đ | AJ55: 3 | AK55: CSKV BẮC | AL55: 46106
A56: 2328 | B56: Lai Uyên 70 | C56: 101255000 | D56: No.21039867 | E56: 11.3061967, 106.65153 | F56: Lai Uyên 70 | G56: Bàu Bàng | I56: 1-12 | K56: 448 | L56: =SUM(J56:K56) -> 448 | M56: T | P56: T | V56: 12 | X56: =SUM(R56:W56) -> 12 | Y56: 12 | AB56: =SUM(Y56:AA56) -> 12 | AD56: 12 | AH56: =SUM(AC56:AG56) -> 12 | AI56: N | AJ56: 3 | AK56: CSKV BẮC | AL56: 46106
A57: 2329 | B57: Lai Uyên 71-1 | C57: 101148000 | D57: No.1511230144 | E57: 11.2972979, 106.6645019 | F57: Lai Uyên 71 | G57: Bàu Bàng | I57: 1-20 | K57: 770 | L57: =SUM(J57:K57) -> 770 | M57: T | N57: F | P57: T | Q57: K | V57: 20 | X57: =SUM(R57:W57) -> 20 | Y57: 20 | AB57: =SUM(Y57:AA57) -> 20 | AD57: 20 | AH57: =SUM(AC57:AG57) -> 20 | AI57: N | AJ57: 3 | AK57: CSKV BẮC | AL57: 46105
A58: 2329 | B58: Lai Uyên 71-2 | C58: 101149000 | D58: No.151288713 | E58: 11.2978701, 106.655357 | F58: Lai Uyên 71 | G58: Bàu Bàng | H58: ĐL3/1 | I58: 1-30 | K58: 1150 | L58: =SUM(J58:K58) -> 1150 | M58: F | N58: T | P58: T | Q58: K | V58: 30 | X58: =SUM(R58:W58) -> 30 | Y58: 30 | AB58: =SUM(Y58:AA58) -> 30 | AD58: 30 | AH58: =SUM(AC58:AG58) -> 30 | AI58: N | AJ58: 3 | AK58: CSKV BẮC | AL58: 46105
A59: 2329 | B59: Lai Uyên 71-3 | C59: 101150000 | D59: No.22425285 | E59: 11.3056872, 106.6485679 | F59: Lai Uyên 71 | G59: Bàu Bàng | I59: 1-20 | K59: 700 | L59: =SUM(J59:K59) -> 700 | M59: T | N59: F | P59: T | Q59: K | V59: 20 | X59: =SUM(R59:W59) -> 20 | Y59: 20 | AB59: =SUM(Y59:AA59) -> 20 | AD59: 20 | AH59: =SUM(AC59:AG59) -> 20 | AI59: N | AJ59: 3 | AK59: CSKV BẮC | AL59: 46105
A60: 2330 | B60: Lai Uyên - 73 | C60: 101300000 | D60: No.22416312 | E60: 11.2958783, 106.6429765 | F60: Lai Uyên - 73 | G60: Bàu Bàng | H60: 219 | I60: 1-19 | K60: 606 | L60: =SUM(J60:K60) -> 606 | M60: T | P60: T | V60: 19 | X60: =SUM(R60:W60) -> 19 | Y60: 19 | AB60: =SUM(Y60:AA60) -> 19 | AD60: 19 | AI60: N | AJ60: 3 | AK60: CSKV BẮC | AL60: 46107
A61: 2330 | B61: Lai Uyên - 73-1 | C61: 101301000 | D61: No.2211003599 | E61: 11.2900422, 106.6402282 | F61: Lai Uyên - 73 | G61: Bàu Bàng | I61: 1-10 | K61: 312 | L61: =SUM(J61:K61) -> 312 | M61: T | P61: T | V61: 10 | X61: =SUM(R61:W61) -> 10 | Y61: 10 | AB61: =SUM(Y61:AA61) -> 10 | AD61: 10 | AH61: 10 | AI61: N | AJ61: 3 | AK61: CSKV BẮC | AL61: 46107
A62: 2330 | B62: Lai Uyên - 73-2 | C62: 101156000 | D62: No.221100359981 | E62: 11.2908098, 106.6463534 | F62: Lai Uyên - 73 | G62: Bàu Bàng | I62: 1-15 | K62: 502 | L62: =SUM(J62:K62) -> 502 | M62: T | P62: T | V62: 15 | X62: =SUM(R62:W62) -> 15 | Y62: 15 | AB62: =SUM(Y62:AA62) -> 15 | AD62: 15 | AH62: 15 | AI62: N | AJ62: 3 | AK62: CSKV BẮC | AL62: 46107
A63: 2330 | B63: Lai Uyên - 73-3 | C63: 101302000 | D63: No.2020171391 | E63: 11.2915626, 106.649988 | F63: Lai Uyên - 73 | G63: Bàu Bàng | I63: 1-10 | K63: 517 | L63: =SUM(J63:K63) -> 517 | N63: T | P63: T | V63: 10 | X63: =SUM(R63:W63) -> 10 | Y63: 10 | AB63: =SUM(Y63:AA63) -> 10 | AC63: 10 | AH63: =SUM(AC63:AG63) -> 10 | AI63: N | AJ63: 3 | AK63: CSKV BẮC | AL63: 46107
A64: 2330 | B64: Lai Uyên - 73-4 | C64: 101157000 | D64: No.2020076873 | E64: 11.2948338, 106.6542037 | F64: Lai Uyên - 73 | G64: Bàu Bàng | I64: 1-10 | K64: 585 | L64: =SUM(J64:K64) -> 585 | N64: T | P64: T | V64: 10 | X64: =SUM(R64:W64) -> 10 | Y64: 10 | AB64: =SUM(Y64:AA64) -> 10 | AC64: 10 | AH64: =SUM(AC64:AG64) -> 10 | AI64: N | AJ64: 3 | AK64: CSKV BẮC | AL64: 46107
A65: 2331 | B65: Lai Uyên 76-1 | C65: 101290000 | D65: No.221100065999 | E65: 11.3053776, 106.6724803 | F65: Lai Uyên 76 | G65: Bàu Bàng | H65: 66 | I65: 1-17 | K65: 525 | L65: =SUM(J65:K65) -> 525 | N65: T | P65: T | U65: 13 | V65: 4 | X65: =SUM(R65:W65) -> 17 | Y65: 17 | AB65: =SUM(Y65:AA65) -> 17 | AC65: 17 | AH65: =SUM(AC65:AG65) -> 17 | AI65: N | AJ65: 3 | AK65: CSKV BẮC | AL65: 46106
A66: 2331 | B66: Lai Uyên 76-2 | C66: 101291000 | D66: No.1611267963 | E66: 11.3082775, 106.6727624 | F66: Lai Uyên 76 | G66: Bàu Bàng | I66: 1-9 | K66: 278 | L66: =SUM(J66:K66) -> 278 | U66: 9 | X66: =SUM(R66:W66) -> 9 | Y66: 9 | AB66: =SUM(Y66:AA66) -> 9 | AC66: 9 | AH66: =SUM(AC66:AG66) -> 9 | AK66: CSKV BẮC | AL66: 46106
A67: 2331 | B67: Lai Uyên 76-3 | C67: 101293000 | D67: No.211100047241 | E67: 11.313764, 106.675229 | F67: Lai Uyên 76 | G67: Bàu Bàng | H67: 27 | I67: 1-15 | K67: 456 | L67: =SUM(J67:K67) -> 456 | U67: 15 | X67: =SUM(R67:W67) -> 15 | Y67: 15 | AB67: =SUM(Y67:AA67) -> 15 | AC67: 15 | AH67: =SUM(AC67:AG67) -> 15 | AK67: CSKV BẮC | AL67: 46106
A68: 2331 | B68: Lai Uyên 76-3 | C68: 101292000 | D68: No.211100047088 | E68: 11.3129765, 106.6744899 | F68: Lai Uyên 76 | G68: Bàu Bàng | H68: 29 | I68: 1-15 | K68: 502 | L68: =SUM(J68:K68) -> 502 | N68: T | P68: T | U68: 15 | X68: =SUM(R68:W68) -> 15 | Y68: 15 | AB68: =SUM(Y68:AA68) -> 15 | AC68: 15 | AH68: =SUM(AC68:AG68) -> 15 | AI68: C | AJ68: 3 | AK68: CSKV BẮC | AL68: 46106
A69: 2332 | F69: Lai Uyên - 78 | G69: Bàu Bàng | I69: 1-13 | K69: 539 | L69: 539 | V69: 13 | X69: 13 | Y69: 13 | AB69: =SUM(Y69:AA69) -> 13 | AC69: 13 | AH69: 13 | AK69: CSKV BẮC | AL69: 46106
A70: 2333 | B70: Lai Uyên 80-1 | C70: 101144000 | D70: No.1611391018 | E70: 11.2841356, 106.6578117 | F70: Lai Uyên 80 | G70: Bàu Bàng | I70: 1-28 | K70: 1150 | L70: =SUM(J70:K70) -> 1150 | M70: F | N70: T | P70: T | Q70: K | V70: 28 | X70: =SUM(R70:W70) -> 28 | Y70: 28 | AB70: =SUM(Y70:AA70) -> 28 | AD70: 28 | AH70: =SUM(AC70:AG70) -> 28 | AI70: N | AJ70: 3 | AK70: CSKV BẮC | AL70: 46105
A71: 2333 | B71: Lai Uyên 80-2 | C71: 101298000 | D71: No.22104884 | E71: 11.2867935, 106.6376391 | F71: Lai Uyên 80 | G71: Bàu Bàng | I71: 1-17 | K71: 597 | L71: =SUM(J71:K71) -> 597 | M71: T | P71: T | V71: 17 | X71: =SUM(R71:W71) -> 17 | Y71: 17 | AB71: =SUM(Y71:AA71) -> 17 | AC71: 28 | AH71: =SUM(AC71:AG71) -> 28 | AI71: N | AJ71: 3 | AK71: CSKV BẮC | AL71: 46107
A72: 2334 | F72: Lai Uyên 81 | G72: Bàu Bàng | I72: 1-48 | K72: 1914 | L72: =SUM(J72:K72) -> 1914 | Q72: K | V72: 48 | X72: =SUM(R72:W72) -> 48 | Y72: 48 | AB72: =SUM(Y72:AA72) -> 48 | AD72: 48 | AH72: =SUM(AC72:AG72) -> 48 | AI72: Đ | AJ72: 2 | AK72: CSKV BẮC | AL72: 46105 | AM72: mất 3 đèn, không có tủ điều khiển
A73: 2335 | B73: Lai Uyên 82 | C73: 101210000 | D73: không có điện kế đấu nguồn dưới CB điện lực | E73: 11.2650611, 106.6217539 | F73: Lai Uyên 82 | G73: Bàu Bàng | H73: Đường 747+Lai Uyên 82 | I73: 46204 | K73: 180 | L73: =SUM(J73:K73) -> 180 | M73: T | P73: T | Q73: K | V73: 7 | X73: =SUM(R73:W73) -> 7 | Y73: 7 | AB73: =SUM(Y73:AA73) -> 7 | AD73: 7 | AH73: =SUM(AC73:AG73) -> 7 | AI73: Đ | AJ73: 4 | AK73: CSKV BẮC | AL73: 46105
A74: 2336 | B74: Lai Uyên 83 | C74: 101207000 | D74: điện kế mờ kính không xem được số N0 | E74: 11.2646568, 106.6198587 | F74: Lai Uyên 83 | G74: Bàu Bàng | H74: Ngã 4 Đường 747+Lai Uyên 82 | I74: 46174 | K74: 198 | L74: =SUM(J74:K74) -> 198 | M74: T | P74: T | Q74: K | V74: 6 | X74: =SUM(R74:W74) -> 6 | Y74: 6 | AB74: =SUM(Y74:AA74) -> 6 | AD74: 6 | AH74: =SUM(AC74:AG74) -> 6 | AI74: Đ | AJ74: 4 | AK74: CSKV BẮC | AL74: 46105
A75: 2337 | B75: Lai Uyên 84 | C75: 101204000 | D75: không có điện kế đấu nguồn dưới CB điện lực | E75: 11.2505696, 106.5955654 | F75: Lai Uyên 84 | G75: Bàu Bàng | H75: Trạm BA Nhật Đại 07 | I75: =1&"-"&X75 -> 1-20 | J75: 674 | L75: =SUM(J75:K75) -> 674 | M75: F | N75: T | P75: T | Q75: K | V75: 20 | X75: =SUM(R75:W75) -> 20 | Z75: 19 | AB75: =SUM(Y75:AA75) -> 19 | AD75: 18 | AE75: 1 | AH75: =SUM(AC75:AG75) -> 19 | AK75: CSKV BẮC | AL75: 46105 | AM75: Hệ thống ngầm
A76: 2338 | B76: Lai Uyên 85 | C76: 101206000 | D76: No.1611596535 | E76: 11.2632824, 106.6365093 | F76: Lai Uyên 85 | G76: Bàu Bàng | H76: QL13 + Lai Uyên 85 | I76: 46143 | K76: 180 | L76: =SUM(J76:K76) -> 180 | M76: F | N76: T | P76: T | Q76: K | V76: 5 | X76: =SUM(R76:W76) -> 5 | Y76: 5 | AB76: =SUM(Y76:AA76) -> 5 | AD76: 5 | AH76: =SUM(AC76:AG76) -> 5 | AI76: Đ | AJ76: 4 | AK76: CSKV BẮC | AL76: 46105
A77: 2339 | B77: Lai Uyên 86 | C77: 101205000 | D77: điện kế mờ kính không xem được số N0 | E77: 11.2544772, 106.6384933 | F77: Lai Uyên 86 | G77: Bàu Bàng | H77: QL13 + Lai Uyên 86 | I77: 46296 | K77: 328 | L77: =SUM(J77:K77) -> 328 | M77: F | N77: T | P77: T | Q77: K | V77: 10 | X77: =SUM(R77:W77) -> 10 | Y77: 10 | AB77: =SUM(Y77:AA77) -> 10 | AD77: 10 | AH77: =SUM(AC77:AG77) -> 10 | AI77: Đ | AJ77: 4 | AK77: CSKV BẮC | AL77: 46105
A78: 2340 | B78: Lai Uyên 87 | C78: 101266000 | D78: No.221100332271 | E78: 11.2505478, 106.6417912 | F78: Lai Uyên 87 | G78: Bàu Bàng | I78: 46266 | K78: 350 | L78: =SUM(J78:K78) -> 350 | M78: F | N78: T | P78: T | Q78: K | V78: 9 | X78: =SUM(R78:W78) -> 9 | Y78: 9 | AB78: =SUM(Y78:AA78) -> 9 | AD78: 9 | AH78: =SUM(AC78:AG78) -> 9 | AI78: N | AJ78: 3 | AK78: CSKV BẮC | AL78: 46105
A79: 2341 | F79: Lai Uyên 89 | G79: Bàu Bàng | I79: 46235 | K79: 285 | L79: =SUM(J79:K79) -> 285 | M79: F | Q79: K | V79: 8 | X79: =SUM(R79:W79) -> 8 | Y79: 8 | AB79: =SUM(Y79:AA79) -> 8 | AC79: 8 | AH79: =SUM(AC79:AG79) -> 8 | AK79: CSKV BẮC | AL79: 46105
A80: 2341 | B80: Lai Uyên 89 | C80: 101269000 | D80: No.1511415047 | E80: 11.2482954, 106.6401503 | F80: Lai Uyên 89 | G80: Bàu Bàng | I80: 46235 | K80: 292 | L80: =SUM(J80:K80) -> 292 | M80: F | N80: T | P80: T | Q80: K | U80: 8 | X80: =SUM(R80:W80) -> 8 | Y80: 8 | AB80: =SUM(Y80:AA80) -> 8 | AD80: 8 | AH80: =SUM(AC80:AG80) -> 8 | AI80: Đ | AJ80: 3 | AK80: CSKV BẮC | AL80: 46105
A81: 2342 | F81: Lai Uyên 90 | G81: Bàu Bàng | I81: 46296 | K81: 340 | L81: =SUM(J81:K81) -> 340 | M81: F | Q81: K | U81: 10 | X81: =SUM(R81:W81) -> 10 | Y81: 10 | AB81: =SUM(Y81:AA81) -> 10 | AD81: 10 | AH81: =SUM(AC81:AG81) -> 10 | AK81: CSKV BẮC | AL81: 46105
A82: 2342 | B82: Lai Uyên 90 | C82: 101272000 | D82: No.21032347 | E82: 11.2415177, 106.6402959 | F82: Lai Uyên 90 | G82: Bàu Bàng | I82: 46357 | K82: 411 | L82: =SUM(J82:K82) -> 411 | M82: F | N82: T | P82: T | Q82: K | U82: 12 | X82: =SUM(R82:W82) -> 12 | Y82: 12 | AB82: =SUM(Y82:AA82) -> 12 | AD82: 12 | AH82: =SUM(AC82:AG82) -> 12 | AI82: Đ | AJ82: 3 | AK82: CSKV BẮC | AL82: 46105
A83: 2343 | B83: Lai Uyên 91 | C83: 101275000 | D83: No.22425324 | E83: 11.2416645, 106.6392763 | F83: Lai Uyên 91 | G83: Bàu Bàng | I83: 46143 | K83: 202 | L83: =SUM(J83:K83) -> 202 | M83: F | N83: T | P83: T | Q83: K | U83: 5 | X83: =SUM(R83:W83) -> 5 | Y83: 5 | AB83: =SUM(Y83:AA83) -> 5 | AD83: 5 | AH83: =SUM(AC83:AG83) -> 5 | AI83: N | AJ83: 3 | AK83: CSKV BẮC | AL83: 46105
A84: 2343 | F84: Lai Uyên 91 | G84: Bàu Bàng | I84: 46143 | K84: 155 | L84: =SUM(J84:K84) -> 155 | Q84: K | U84: 5 | X84: =SUM(R84:W84) -> 5 | Y84: 5 | AB84: =SUM(Y84:AA84) -> 5 | AD84: 5 | AH84: =SUM(AC84:AG84) -> 5 | AK84: CSKV BẮC | AL84: 46105
A85: 2343 | B85: Lai Uyên 91-1 | C85: 101281000 | D85: No.1611082587 | E85: 11.2355598, 106.6399919 | F85: Lai Uyên 91 | G85: Bàu Bàng | I85: 46357 | K85: 454 | L85: =SUM(J85:K85) -> 454 | M85: F | N85: T | P85: T | Q85: K | V85: 12 | X85: =SUM(R85:W85) -> 12 | Y85: 12 | AB85: =SUM(Y85:AA85) -> 12 | AD85: 12 | AH85: =SUM(AC85:AG85) -> 12 | AI85: N | AJ85: 3 | AK85: CSKV BẮC | AL85: 46105
A86: 2344 | B86: Lai Uyên 92 | C86: 101278000 | D86: No.1511290711 | E86: 11.2369921, 106.6399388 | F86: Lai Uyên 92 | G86: Bàu Bàng | I86: 46174 | K86: 375 | L86: =SUM(J86:K86) -> 375 | M86: F | N86: T | P86: T | Q86: K | U86: 6 | X86: =SUM(R86:W86) -> 6 | Y86: 6 | AB86: =SUM(Y86:AA86) -> 6 | AD86: 6 | AH86: =SUM(AC86:AG86) -> 6 | AI86: Đ | AJ86: 3 | AK86: CSKV BẮC | AL86: 46105
A87: 2345 | F87: Lai Uyên 93 | G87: Bàu Bàng | I87: 46296 | K87: 400 | L87: =SUM(J87:K87) -> 400 | M87: F | Q87: K | V87: 10 | X87: =SUM(R87:W87) -> 10 | Y87: 10 | AB87: =SUM(Y87:AA87) -> 10 | AD87: 10 | AH87: =SUM(AC87:AG87) -> 10 | AK87: CSKV BẮC | AL87: 46105
A88: 2346 | B88: Lai Uyên 94 | C88: 101284000 | D88: No.221100363381 | E88: 11.2330397, 106.6360942 | F88: Lai Uyên 94 | G88: Bàu Bàng | I88: 1-14 | K88: 432 | L88: =SUM(J88:K88) -> 432 | M88: F | N88: T | P88: T | Q88: K | V88: 14 | X88: =SUM(R88:W88) -> 14 | Y88: 14 | AB88: =SUM(Y88:AA88) -> 14 | AD88: 14 | AH88: =SUM(AC88:AG88) -> 14 | AI88: N | AJ88: 3 | AK88: CSKV BẮC | AL88: 46105
A89: 2347 | B89: Lai Uyên 97 | C89: 101191000 | D89: No.21039944 | E89: 11.2945498, 106.6311 | F89: Lai Uyên 97 | G89: Bàu Bàng | I89: 1-7 | K89: 183 | L89: =SUM(J89:K89) -> 183 | N89: T | P89: T | V89: 7 | X89: =SUM(R89:W89) -> 7 | Y89: 7 | AB89: =SUM(Y89:AA89) -> 7 | AD89: 7 | AH89: =SUM(AC89:AG89) -> 7 | AI89: N | AJ89: 3 | AK89: CSKV BẮC | AL89: 46106
A90: 2348 | B90: Lai Uyên 98 | C90: 101248000 | D90: No.21081929 | E90: 11.3142843, 106.6579435 | F90: Lai Uyên 98 | G90: Bàu Bàng | I90: 1-16 | K90: 582 | L90: =SUM(J90:K90) -> 582 | N90: T | P90: T | V90: 16 | X90: =SUM(R90:W90) -> 16 | Y90: 16 | AB90: =SUM(Y90:AA90) -> 16 | AD90: 16 | AH90: =SUM(AC90:AG90) -> 16 | AI90: N | AJ90: 3 | AK90: CSKV BẮC | AL90: 46106
A91: 2349 | B91: Lai Uyên 100-1 | C91: 101298000 | D91: No.2020117931 | E91: 11.2867935, 106.6376391 | F91: Lai Uyên 100 | G91: Bàu Bàng | I91: 1-12 | K91: 475 | L91: =SUM(J91:K91) -> 475 | M91: T | P91: T | V91: 12 | X91: =SUM(R91:W91) -> 12 | Y91: 12 | AB91: =SUM(Y91:AA91) -> 12 | AC91: 12 | AH91: =SUM(AC91:AG91) -> 12 | AI91: N | AJ91: 3 | AK91: CSKV BẮC | AL91: 46106
A92: 2349 | B92: Lai Uyên 100-2 | C92: 101294000 | D92: No.1511024323 | E92: 11.305212, 106.6647185 | F92: Lai Uyên 100 | G92: Bàu Bàng | I92: =1&"-"&X92 -> 1-13 | K92: 432 | L92: =SUM(J92:K92) -> 432 | N92: T | P92: T | V92: 13 | X92: =SUM(R92:W92) -> 13 | Y92: 13 | AB92: =SUM(Y92:AA92) -> 13 | AC92: 13 | AI92: N | AJ92: 3 | AK92: CSKV BẮC | AL92: 46106
A93: 2349 | B93: Lai Uyên 100-3 | C93: 101295000 | D93: No.221100065778 | E93: 11.3045578, 106.6688608 | F93: Lai Uyên 100 | G93: Bàu Bàng | I93: 1-29 | K93: =1528-K69 -> 989 | L93: =SUM(J93:K93) -> 989 | N93: T | P93: T | V93: 29 | X93: =SUM(R93:W93) -> 29 | Y93: 29 | AB93: =SUM(Y93:AA93) -> 29 | AC93: 29 | AH93: =SUM(AC93:AG93) -> 29 | AI93: N | AJ93: 3 | AK93: CSKV BẮC | AL93: 46106
A94: 2350 | B94: ĐH 618-1 | C94: 101146000 | E94: 11.2938273, 106.6645566 | F94: ĐH 618 | G94: Bàu Bàng | H94: ĐL 42 | I94: 1-13 | K94: 435 | L94: =SUM(J94:K94) -> 435 | M94: F | N94: T | P94: T | Q94: K | V94: 13 | X94: =SUM(R94:W94) -> 13 | Y94: 13 | AB94: =SUM(Y94:AA94) -> 13 | AD94: 13 | AH94: =SUM(AC94:AG94) -> 13 | AI94: N | AJ94: 3 | AK94: CSKV BẮC | AL94: 46105
A95: 2350 | B95: ĐH 618-2 | C95: 101147000 | D95: No.221100046703 | E95: 11.3036932, 106.6635809 | F95: ĐH 618 | G95: Bàu Bàng | H95: ĐL1/1 | I95: 1-20 | K95: 664 | L95: =SUM(J95:K95) -> 664 | M95: F | N95: T | P95: T | Q95: K | V95: 20 | X95: =SUM(R95:W95) -> 20 | Y95: 20 | AB95: =SUM(Y95:AA95) -> 20 | AD95: 20 | AH95: =SUM(AC95:AG95) -> 20 | AI95: N | AJ95: 3 | AK95: CSKV BẮC | AL95: 46105
A96: 2350 | B96: ĐH 618 | C96: 101145000 | D96: No.1511221617 | E96: 11.2907664, 106.6647388 | F96: ĐH 618 | G96: Bàu Bàng | I96: 1-29 | K96: 1119 | L96: =SUM(J96:K96) -> 1119 | M96: F | N96: T | P96: T | Q96: K | V96: 29 | X96: =SUM(R96:W96) -> 29 | Y96: 29 | AB96: =SUM(Y96:AA96) -> 29 | AD96: 29 | AH96: =SUM(AC96:AG96) -> 29 | AI96: N | AJ96: 3 | AK96: CSKV BẮC | AL96: 46105
A97: 2351 | B97: ĐH.610 | C97: 101155000 | D97: No.241200228607 | E97: 11.2636789, 106.6149817 | F97: ĐH.610 | G97: Bàu Bàng | I97: 1-20 | K97: 668 | L97: =SUM(J97:K97) -> 668 | N97: T | P97: T | V97: 20 | X97: =SUM(R97:W97) -> 20 | Y97: 20 | AB97: =SUM(Y97:AA97) -> 20 | AD97: 20 | AH97: =SUM(AC97:AG97) -> 20 | AI97: N | AJ97: 3 | AK97: CSKV BẮC | AL97: 46107
A98: 2352 | B98: ĐT 741B | C98: 101288000 | D98: No.21001204 | E98: 11.2654794, 106.644207 | F98: ĐT 741B | G98: Bàu Bàng | I98: 1-37 | K98: 2537 | L98: =SUM(J98:K98) -> 2537 | N98: T | P98: T | U98: 37 | X98: =SUM(R98:W98) -> 37 | Y98: 37 | AB98: =SUM(Y98:AA98) -> 37 | AC98: 37 | AH98: =SUM(AC98:AG98) -> 37 | AI98: N | AJ98: 3 | AK98: CSKV BẮC | AL98: 46106
A99: 2352 | B99: ĐT 741B-2 | C99: 102116000 | D99: No.2321001413 | E99: 11.2231117, 106.6971128 | F99: ĐT 741B | G99: Bàu Bàng | H99: ĐL 118 | I99: 1-31 | K99: 2217 | L99: =SUM(J99:K99) -> 2217 | N99: T | P99: T | U99: 23 | V99: 8 | X99: =SUM(R99:W99) -> 31 | Y99: 31 | AB99: =SUM(Y99:AA99) -> 31 | AD99: 31 | AH99: =SUM(AC99:AG99) -> 31 | AI99: C | AJ99: 3 | AK99: CSKV BẮC | AL99: 46114
A100: 2352 | B100: ĐT 741B-1 | C100: 102111000 | D100: No.2321001435 | E100: 11.2155403, 106.7059777 | F100: ĐT 741B | G100: Bàu Bàng | H100: 122 | I100: 1-14 | K100: 1008 | L100: =SUM(J100:K100) -> 1008 | N100: T | P100: T | U100: 5 | V100: 9 | X100: =SUM(R100:W100) -> 14 | Y100: 14 | AB100: =SUM(Y100:AA100) -> 14 | AD100: 14 | AH100: =SUM(AC100:AG100) -> 14 | AI100: C | AJ100: 2 | AK100: CSKV BẮC | AL100: 46114
A101: 2352 | B101: ĐT 741B-3 | C101: 102119000 | D101: No.2321001424 | E101: 11.2326125, 106.6848594 | F101: ĐT 741B | G101: Bàu Bàng | H101: Tạp hóa Nhật Vy | I101: 1-19 | K101: 1283 | L101: =SUM(J101:K101) -> 1283 | N101: T | P101: T | U101: 14 | V101: 5 | X101: =SUM(R101:W101) -> 19 | Y101: 19 | AB101: =SUM(Y101:AA101) -> 19 | AD101: 19 | AH101: =SUM(AC101:AG101) -> 19 | AI101: N | AJ101: 3 | AK101: CSKV BẮC | AL101: 46114
A102: 2352 | B102: ĐT 741B-4 | C102: 102118000 | D102: No.2321001464 | E102: 11.2401682, 106.6753898 | F102: ĐT 741B | G102: Bàu Bàng | H102: 44 | I102: 1-18 | K102: 1283 | L102: =SUM(J102:K102) -> 1283 | N102: T | P102: T | U102: 18 | X102: =SUM(R102:W102) -> 18 | Y102: 18 | AB102: =SUM(Y102:AA102) -> 18 | AD102: 18 | AH102: =SUM(AC102:AG102) -> 18 | AI102: N | AJ102: 3 | AK102: CSKV BẮC | AL102: 46114
...

Sheet Trừ văn Thố
A1: BIỄU MẪU KIỂM TRA HỆ THỐNG CHIẾU SÁNG TRÊN ĐỊA BÀN XÃ TRỪ VĂN THỐ
A3: STT (Theo danh sách Trung tâm) | B3: Tên tủ điều khiển | C3: Mã QR tủ điều khiển | D3: MÃ NO/PE | E3: Định vị | F3: Tuyến đường | G3: Phường/Xã | H3: Địa chỉ tủ điều khiển | I3: Lý trình | J3: Chiều dài tuyến | M3: Trạm đèn | R3: Bộ đèn | AC3: Cần đèn | AI3: Cáp | AK3: Ghi chú
J4: Cáp ngầm | K4: Cáp nổi | L4: Tổng cộng | M4: dùng PLC | N4: dùng Timer | O4: Tủ KNTT | P4: Loại tủ (Thép/ Composite) | Q4: Tiếp địa (có hay không) | R4: HPS | V4: LED | W4: Khác (Pha, Trang trí, …) | X4: Tổng cộng | Y4: Trụ đèn (Trừ các trụ do Điện lực quản lý) | AB4: Tổng cộng | AC4: Đơn | AE4: Đôi Ø60 | AF4: Ba Ø60 | AG4: Bốn Ø60 | AH4: Tổng cộng | AI4: Cáp từ tủ ra đèn
R5: 100W | S5: 150W | T5: 250W | U5: Khác | Y5: Bê tông | Z5: Kim loại | AA5: TT | AC5: Ø49 | AD5: Ø60 | AI5: Cáp đồng hay nhôm | AJ5: Số sợi (1/2/3/4)
A6: (1) | B6: (2) | C6: (3) | D6: (4) | F6: (5) | G6: (6) | H6: (7) | I6: (8) | J6: (9) | K6: (10) | L6: (11) | M6: (12) | N6: (13) | O6: (14) | P6: (15) | Q6: (16) | R6: (17) | S6: (18) | T6: (19) | U6: (20) | V6: (21) | W6: (22) | X6: (23) | Y6: (24) | Z6: (25) | AA6: (26) | AB6: (27) | AC6: (28) | AD6: (29) | AE6: (30) | AF6: (31) | AG6: (32) | AH6: (33) | AI6: (34) | AJ6: (35) | AK6: (38)
A8: 2226 | B8: Cây trường 03 - T1 | C8: 101738000 | D8: No.1511084750 | E8: 11.3432353, 106.5831461 | F8: Cây trường 03 | G8: Trừ Văn Thố | H8: Ngã ba Cây trường 03 - ĐT750 | I8: ĐT750 <-> số nhà 35 | K8: 240 | L8: =SUM(J8:K8) -> 240 | M8: T | N8: F | O8: F | P8: T | Q8: C | V8: 7 | X8: =R8+S8+T8+U8+V8+W8 -> 7 | Y8: =X8 -> 7 | AB8: =AA8+Z8+Y8 -> 7 | AC8: =X8 -> 7 | AH8: =SUM(AC8:AG8) -> 7 | AI8: N | AJ8: 3
A9: 2227 | B9: Cây trường 05 - T1 | C9: 101739000 | D9: No.211100046934 | E9: 11.3413566, 106.5801553 | F9: Cây trường 05 | G9: Trừ Văn Thố | H9: Đối diện nhà trọ Tư Lợi | I9: ĐT750 <-> cuối đường | K9: 801 | L9: =SUM(J9:K9) -> 801 | M9: F | N9: T | O9: F | P9: T | Q9: C | S9: 13 | X9: =R9+S9+T9+U9+V9+W9 -> 13 | Y9: =X9 -> 13 | AB9: =AA9+Z9+Y9 -> 13 | AC9: =X9 -> 13 | AH9: =SUM(AC9:AG9) -> 13 | AI9: N | AJ9: 3
A10: 2227 | B10: Cây trường 05 - T2 | C10: 101740000 | D10: No.1511033465 | E10: 11.3397621, 106.5711068 | F10: Cây trường 05 | G10: Trừ Văn Thố | H10: Đối diện nhà trọ Hưng Anh | I10: Trụ 4-6 <-> cuối đường | K10: 787 | L10: =SUM(J10:K10) -> 787 | M10: T | N10: F | O10: F | P10: T | Q10: C | S10: 12 | X10: =R10+S10+T10+U10+V10+W10 -> 12 | Y10: =X10 -> 12 | AB10: =AA10+Z10+Y10 -> 12 | AC10: =X10 -> 12 | AH10: =SUM(AC10:AG10) -> 12 | AI10: N | AJ10: 3
A11: 2228 | B11: Cây trường 06 - T1 | C11: 102278000 | D11: No.2011578637 | E11: 11.386981881234, 106.60742936665807 | F11: Cây trường 06 | G11: Trừ Văn Thố | H11: Góc ngã ba ĐT750 - Cây trường 6 | I11: ĐT750 <-> cuối tuyến | K11: 350 | L11: =SUM(J11:K11) -> 350 | M11: T | N11: F | O11: F | P11: T | Q11: K | V11: 9 | X11: =R11+S11+T11+U11+V11+W11 -> 9 | Y11: =X11 -> 9 | AB11: =AA11+Z11+Y11 -> 9 | AC11: =X11 -> 9 | AH11: =SUM(AC11:AG11) -> 9 | AI11: N | AJ11: 3
A12: 2229 | B12: Cây trường 07 - T1 | C12: 102277000 | D12: No.2011577919 | E12: 11.344438861134568, 106.58039194541665 | F12: Cây trường 07 | G12: Trừ Văn Thố | H12: Góc ngã ba ĐT750 - Cây trường 7 | I12: ĐT750 <-> cuối tuyến | K12: 280 | L12: =SUM(J12:K12) -> 280 | M12: T | N12: F | O12: F | P12: T | Q12: K | V12: 8 | X12: =R12+S12+T12+U12+V12+W12 -> 8 | Y12: =X12 -> 8 | AB12: =AA12+Z12+Y12 -> 8 | AC12: =X12 -> 8 | AH12: =SUM(AC12:AG12) -> 8 | AI12: N | AJ12: 3
A13: 2230 | F13: Cây trường 08 | G13: Trừ Văn Thố | K13: 735 | L13: =SUM(J13:K13) -> 735 | V13: 9 | X13: =R13+S13+T13+U13+V13+W13 -> 9 | Y13: =X13 -> 9 | AB13: =AA13+Z13+Y13 -> 9 | AC13: =X13 -> 9 | AH13: =SUM(AC13:AG13) -> 9 | AK13: Chung tủ Cây trường 7
A14: 2231 | B14: Cây trường 09 - T1 | C14: 102276000 | D14: No.221100364813 | E14: 11.341698481711662, 106.57985835346075 | F14: Cây trường 09 | G14: Trừ Văn Thố | H14: Gần TBA 06 Trừ Văn Thố 94 | I14: ĐT750 <-> cuối tuyến | K14: 330 | L14: =SUM(J14:K14) -> 330 | M14: F | N14: T | O14: F | P14: T | Q14: K | V14: 10 | X14: =R14+S14+T14+U14+V14+W14 -> 10 | Y14: =X14 -> 10 | AB14: =AA14+Z14+Y14 -> 10 | AC14: =X14 -> 10 | AH14: =SUM(AC14:AG14) -> 10 | AI14: N | AJ14: 2
A15: 2232 | B15: Cây trường 10 - T1 | C15: 102281000 | D15: No.2320110482 | E15: 11.34481256828747, 106.5794292838374 | F15: Cây trường 10 | G15: Trừ Văn Thố | H15: Cách đường ĐT750 30 trụ thứ 2 | I15: ĐT750 <-> cuối tuyến | K15: 350 | L15: =SUM(J15:K15) -> 350 | M15: F | N15: T | O15: F | P15: T | Q15: K | V15: 9 | X15: =R15+S15+T15+U15+V15+W15 -> 9 | Y15: =X15 -> 9 | AB15: =AA15+Z15+Y15 -> 9 | AC15: =X15 -> 9 | AH15: =SUM(AC15:AG15) -> 9 | AI15: N | AJ15: 2
A16: 2233 | F16: Cây trường 11 | G16: Trừ Văn Thố | K16: 330 | L16: =SUM(J16:K16) -> 330 | S16: 8 | X16: =R16+S16+T16+U16+V16+W16 -> 8 | Y16: =X16 -> 8 | AB16: =AA16+Z16+Y16 -> 8 | AC16: =X16 -> 8 | AH16: =SUM(AC16:AG16) -> 8 | AK16: Chung tủ Đ750 tủ 2
A17: 2234 | B17: Cây trường 12 - T1 | C17: 101731000 | D17: No.2320109001 | E17: 11.3443276, 106.578207 | F17: Cây trường 12 | G17: Trừ Văn Thố | H17: Ngã ba Cây trường 12 - ĐT750 | I17: ĐT750 <-> cuối tuyến | K17: 360 | L17: =SUM(J17:K17) -> 360 | M17: F | N17: T | O17: F | P17: T | Q17: C | S17: 4 | V17: 8 | X17: =R17+S17+T17+U17+V17+W17 -> 12 | Y17: =X17 -> 12 | AB17: =AA17+Z17+Y17 -> 12 | AC17: =X17 -> 12 | AH17: =SUM(AC17:AG17) -> 12 | AI17: N | AJ17: 2
A18: 2235 | B18: Cây trường 13 - T1 | C18: 102280000 | D18: No.1911423559 | E18: 11.341478116201769, 106.57861797247341 | F18: Cây trường 13 | G18: Trừ Văn Thố | H18: Góc ngã ba ĐT750-Cây trường 13 | I18: ĐT750 <-> cuối tuyến | K18: 350 | L18: =SUM(J18:K18) -> 350 | M18: F | N18: T | O18: F | P18: T | Q18: K | V18: 10 | X18: =R18+S18+T18+U18+V18+W18 -> 10 | Y18: =X18 -> 10 | AB18: =AA18+Z18+Y18 -> 10 | AC18: =X18 -> 10 | AH18: =SUM(AC18:AG18) -> 10 | AI18: N | AJ18: 2
A19: 2236 | B19: Cây trường 14 - T1 | C19: 101732000 | D19: No.221100332296 | E19: 11.3463159, 106.5768338 | F19: Cây trường 14 | G19: Trừ Văn Thố | H19: Trước số nhà 153 | I19: ĐT750 <-> trụ 01 | K19: 370 | L19: =SUM(J19:K19) -> 370 | M19: F | N19: T | O19: F | P19: T | Q19: K | V19: 12 | X19: =R19+S19+T19+U19+V19+W19 -> 12 | Y19: =X19 -> 12 | AB19: =AA19+Z19+Y19 -> 12 | AC19: =X19 -> 12 | AH19: =SUM(AC19:AG19) -> 12 | AI19: N | AJ19: 2
A20: 2237 | B20: Cây trường 15 - T1 | C20: 102284000 | D20: No.11577901 | E20: 11.346148601743495, 106.57568299221487 | F20: Cây trường 15 | G20: Trừ Văn Thố | H20: Góc ngã ba ĐT750-Cây trường 15 | I20: ĐT750 <-> cuối tuyến | K20: 500 | L20: =SUM(J20:K20) -> 500 | M20: F | N20: T | O20: F | P20: T | Q20: K | V20: 13 | X20: =R20+S20+T20+U20+V20+W20 -> 13 | Y20: =X20 -> 13 | AB20: =AA20+Z20+Y20 -> 13 | AC20: =X20 -> 13 | AH20: =SUM(AC20:AG20) -> 13 | AI20: N | AJ20: 4
A21: 2238 | B21: Cây trường 16 - T1 | C21: 102279000 | D21: No.2320106186 | E21: 11.341000489687485, 106.57766646858732 | F21: Cây trường 16 | G21: Trừ Văn Thố | H21: Số trụ 1-1A & góc ngã ba ĐT 750- cây trường 16 | I21: ĐT750 <-> cuối tuyến | K21: 230 | L21: =SUM(J21:K21) -> 230 | M21: T | N21: F | O21: F | P21: T | Q21: K | V21: 7 | X21: =R21+S21+T21+U21+V21+W21 -> 7 | Y21: =X21 -> 7 | AB21: =AA21+Z21+Y21 -> 7 | AC21: =X21 -> 7 | AH21: =SUM(AC21:AG21) -> 7 | AI21: N | AJ21: 3
A22: 2239 | F22: Cây trường 17 | G22: Trừ Văn Thố | I22: ĐT750 <-> cuối tuyến | K22: 400 | L22: =SUM(J22:K22) -> 400 | V22: 9 | X22: =R22+S22+T22+U22+V22+W22 -> 9 | Y22: =X22 -> 9 | AB22: =AA22+Z22+Y22 -> 9 | AC22: =X22 -> 9 | AH22: =SUM(AC22:AG22) -> 9 | AK22: Chun tủ Cây trường 18
A23: 2240 | B23: Cây trường 18 - T1 | C23: 102283000 | D23: No.2011581122 | E23: 11.343865371319785, 106.57509827064962 | F23: Cây trường 18 | G23: Trừ Văn Thố | H23: Góc ngã ba ĐT750-Cây trường 18 | I23: ĐT750 <-> cuối tuyến | K23: 350 | L23: =SUM(J23:K23) -> 350 | M23: T | N23: F | O23: F | P23: T | Q23: K | V23: 9 | X23: =R23+S23+T23+U23+V23+W23 -> 9 | Y23: =X23 -> 9 | AB23: =AA23+Z23+Y23 -> 9 | AC23: =X23 -> 9 | AH23: =SUM(AC23:AG23) -> 9 | AI23: N | AJ23: 3
A24: 2241 | B24: Cây trường 19 - T1 | C24: 101756000 | D24: No.2011580660 | E24: 11.3434845, 106.5741063 | F24: Cây trường 19 | G24: Trừ Văn Thố | H24: Trụ 1-4 ngã 3 CT19-ĐT750 | I24: ĐT750 <-> cuối tuyến | K24: 345 | L24: =SUM(J24:K24) -> 345 | M24: F | N24: T | O24: F | P24: T | Q24: C | V24: 10 | X24: =R24+S24+T24+U24+V24+W24 -> 10 | Y24: =X24 -> 10 | AB24: =AA24+Z24+Y24 -> 10 | AC24: =X24 -> 10 | AH24: =SUM(AC24:AG24) -> 10 | AI24: N | AJ24: 3
A25: 2242 | F25: Cây trường 20 | G25: Trừ Văn Thố | I25: ĐT750 <-> cuối tuyến | K25: 391 | L25: =SUM(J25:K25) -> 391 | V25: 11 | X25: =R25+S25+T25+U25+V25+W25 -> 11 | Y25: =X25 -> 11 | AB25: =AA25+Z25+Y25 -> 11 | AC25: =X25 -> 11 | AH25: =SUM(AC25:AG25) -> 11 | AI25: N | AJ25: 3
A26: 2243 | B26: Cây trường 21 - T1 | C26: 101754000 | D26: No.221100332323 | E26: 11.3406307, 106.5734603 | F26: Cây trường 21 | G26: Trừ Văn Thố | H26: Trụ 2-1 CT21 gần TBA06TVT 104 | I26: ĐT750 <-> cuối tuyến | K26: 377 | L26: =SUM(J26:K26) -> 377 | M26: F | N26: T | O26: F | P26: T | Q26: C | V26: 11 | X26: =R26+S26+T26+U26+V26+W26 -> 11 | Y26: =X26 -> 11 | AB26: =AA26+Z26+Y26 -> 11 | AC26: =X26 -> 11 | AH26: =SUM(AC26:AG26) -> 11 | AI26: N | AJ26: 2
A27: 2244 | B27: Cây trường 22 - T1 | C27: 101755000 | D27: No.2320085155 | E27: 11.3435008, 106.5730166 | F27: Cây trường 22 | G27: Trừ Văn Thố | H27: VP ấp Đông THanh CT22 | I27: ĐT750 <-> cuối tuyến | K27: 385 | L27: =SUM(J27:K27) -> 385 | M27: F | N27: T | O27: F | P27: T | Q27: C | V27: 11 | X27: =R27+S27+T27+U27+V27+W27 -> 11 | Y27: =X27 -> 11 | AB27: =AA27+Z27+Y27 -> 11 | AC27: =X27 -> 11 | AH27: =SUM(AC27:AG27) -> 11 | AI27: N | AJ27: 2
A28: 2245 | B28: Cây trường 23 - T1 | C28: 101753000 | D28: No.2011581488 | E28: 11.3430694, 106.5721969 | F28: Cây trường 23 | G28: Trừ Văn Thố | H28: Trước số nhà 55 ngã 3 CT23-ĐT750 | I28: ĐT750 <-> cuối tuyến | K28: 338 | L28: =SUM(J28:K28) -> 338 | M28: T | N28: F | O28: F | P28: T | Q28: K | V28: 9 | X28: =R28+S28+T28+U28+V28+W28 -> 9 | Y28: =X28 -> 9 | AB28: =AA28+Z28+Y28 -> 9 | AC28: =X28 -> 9 | AH28: =SUM(AC28:AG28) -> 9 | AI28: Đ | AJ28: 3
A29: 2246 | F29: Cây trường 24 | G29: Trừ Văn Thố | I29: ĐT750 <-> cuối tuyến | K29: 407 | L29: =SUM(J29:K29) -> 407 | V29: 11 | X29: =R29+S29+T29+U29+V29+W29 -> 11 | Y29: =X29 -> 11 | AB29: =AA29+Z29+Y29 -> 11 | AC29: =X29 -> 11 | AH29: =SUM(AC29:AG29) -> 11 | AI29: Đ | AJ29: 3 | AK29: Chung tủ Cây trường 23
A30: 2247 | B30: Cây trường 25 - T1 | C30: 101751000 | D30: No.2320105427 | E30: 11.3412964, 106.5712611 | F30: Cây trường 25 | G30: Trừ Văn Thố | H30: Trụ 10-B6 | I30: ĐT750 <-> cuối tuyến | K30: 456 | L30: =SUM(J30:K30) -> 456 | M30: T | N30: F | O30: F | P30: T | Q30: C | V30: 12 | X30: =R30+S30+T30+U30+V30+W30 -> 12 | Y30: =X30 -> 12 | AB30: =AA30+Z30+Y30 -> 12 | AC30: =X30 -> 12 | AH30: =SUM(AC30:AG30) -> 12 | AI30: Đ | AJ30: 3
A31: 2248 | B31: Cây trường 26 - T1 | C31: 101752000 | D31: No.2011580669 | E31: 11.3427639, 106.5711067 | F31: Cây trường 26 | G31: Trừ Văn Thố | H31: Ngã 3 CT26-ĐT750 | I31: ĐT750 <-> trụ 107 | K31: 290 | L31: =SUM(J31:K31) -> 290 | M31: F | N31: T | O31: F | P31: T | Q31: K | V31: 5 | X31: =R31+S31+T31+U31+V31+W31 -> 5 | Y31: =X31 -> 5 | AB31: =AA31+Z31+Y31 -> 5 | AC31: =X31 -> 5 | AH31: =SUM(AC31:AG31) -> 5 | AI31: Đ | AJ31: 3
A32: 2249 | B32: Cây trường 27 - T1 | C32: 101749000 | D32: No.221100332305 | E32: 11.3425892, 106.5699054 | F32: Cây trường 27 | G32: Trừ Văn Thố | H32: Trụ 2-8B ngã ba CT27-ĐT750 | I32: ĐT750 <-> cuối tuyến | K32: 480 | L32: =SUM(J32:K32) -> 480 | M32: F | N32: T | O32: F | P32: T | Q32: C | V32: 13 | X32: =R32+S32+T32+U32+V32+W32 -> 13 | Y32: =X32 -> 13 | AB32: =AA32+Z32+Y32 -> 13 | AC32: =X32 -> 13 | AH32: =SUM(AC32:AG32) -> 13 | AI32: N | AJ32: 2
A33: 2250 | B33: Cây trường 28 - T1- | C33: 101750000 | D33: No.221100332309 | E33: 11.3424616, 106.5699234 | F33: Cây trường 28 | G33: Trừ Văn Thố | H33: Ngã 3 CT28-ĐT750 | I33: ĐT750 <-> cuối tuyến | K33: 358 | L33: =SUM(J33:K33) -> 358 | M33: F | N33: T | O33: F | P33: T | Q33: C | V33: 10 | X33: =R33+S33+T33+U33+V33+W33 -> 10 | Y33: =X33 -> 10 | AB33: =AA33+Z33+Y33 -> 10 | AC33: =X33 -> 10 | AH33: =SUM(AC33:AG33) -> 10 | AI33: N | AJ33: 2
A34: 2251 | B34: Cây trường 05 - T2 | C34: 101740000 | F34: Cây trường 29 | G34: Trừ Văn Thố | H34: Đối diện nhà trọ Hưng Anh | I34: ĐT750 <-> Cây trường 05, 29 | K34: 341 | L34: =SUM(J34:K34) -> 341 | M34: T | N34: F | O34: F | P34: T | Q34: C | S34: 5 | X34: =R34+S34+T34+U34+V34+W34 -> 5 | Y34: =X34 -> 5 | AB34: =AA34+Z34+Y34 -> 5 | AC34: =X34 -> 5 | AH34: =SUM(AC34:AG34) -> 5 | AI34: N | AJ34: 3 | AK34: Chung tủ với Công trường 05 - T2
A35: 2252 | B35: Cây trường 30-T1 | C35: 101743000 | D35: No.221100332308 | E35: 11.3430801, 106.5689762 | F35: Cây trường 30 | G35: Trừ Văn Thố | H35: Gần ngã 3 Cây trường 30-ĐT750 | I35: ĐT750 <-> cuối tuyến | K35: =350+39 -> 389 | L35: =SUM(J35:K35) -> 389 | M35: F | N35: T | O35: F | P35: T | Q35: K | V35: 11 | X35: =R35+S35+T35+U35+V35+W35 -> 11 | Y35: =X35 -> 11 | AB35: =AA35+Z35+Y35 -> 11 | AC35: =X35 -> 11 | AH35: =SUM(AC35:AG35) -> 11 | AI35: N | AJ35: 3
A36: 2253 | B36: Cây trường 31-T1 | C36: 101742000 | E36: 11.3422405, 106.5682863 | F36: Cây trường 31 | G36: Trừ Văn Thố | H36: Trụ 11 Ngã 3 cây trường 31-ĐT750 | I36: ĐT750 <-> số nhà 20 | K36: 327 | L36: =SUM(J36:K36) -> 327 | M36: F | N36: T | O36: F | P36: T | Q36: C | V36: 10 | X36: =R36+S36+T36+U36+V36+W36 -> 10 | Y36: =X36 -> 10 | AB36: =AA36+Z36+Y36 -> 10 | AC36: =X36 -> 10 | AH36: =SUM(AC36:AG36) -> 10 | AI36: N | AJ36: 3
A37: 2254 | F37: Cây trường 32 | G37: Trừ Văn Thố | I37: ĐT750 <-> trụ 1-1A | K37: 230 | L37: =SUM(J37:K37) -> 230 | V37: 6 | X37: =R37+S37+T37+U37+V37+W37 -> 6 | Y37: =X37 -> 6 | AB37: =AA37+Z37+Y37 -> 6 | AC37: =X37 -> 6 | AH37: =SUM(AC37:AG37) -> 6 | AI37: N | AJ37: 3 | AK37: Chung tủ với Cây trường 31
A38: 2255 | B38: Cây trường 33-T1 | C38: 102272000 | D38: No.23901594 | E38: 11.34619210382096, 106.56848377558083 | F38: Cây trường 33 | G38: Trừ Văn Thố | H38: Số trụ 05 đèn đường CS D09 Cây trường 33 | I38: ĐT750 <-> Ngã tư trụ số 01 | K38: 1550 | L38: =SUM(J38:K38) -> 1550 | M38: F | N38: T | O38: F | P38: T | Q38: K | S38: 26 | X38: =R38+S38+T38+U38+V38+W38 -> 26 | Y38: =X38 -> 26 | AB38: =AA38+Z38+Y38 -> 26 | AC38: =X38 -> 26 | AH38: =SUM(AC38:AG38) -> 26 | AI38: N | AJ38: 3
A39: 2256 | B39: Cây trường 34-T1 | C39: 101791000 | D39: No.221100338952 | E39: 11.3402417, 106.5632833 | F39: Cây trường 34 | G39: Trừ Văn Thố | H39: Ngã ba Cây trường 34 ĐH750 | I39: ĐH750 <-> cuối tuyến | K39: 250 | L39: =SUM(J39:K39) -> 250 | M39: F | N39: T | O39: F | P39: T | Q39: K | V39: 6 | X39: =R39+S39+T39+U39+V39+W39 -> 6 | Y39: =X39 -> 6 | AB39: =AA39+Z39+Y39 -> 6 | AC39: =X39 -> 6 | AH39: =SUM(AC39:AG39) -> 6 | AI39: N | AJ39: 3
A40: 2257 | B40: Cây trường 35-T1 | C40: 101719000 | D40: No.1511187169 | E40: 11.3393666, 106.5590379 | F40: Cây trường 35 | G40: Trừ Văn Thố | H40: Ngã ba Cây trường 35 ĐH750 | I40: ĐT750 <-> cuối tuyến | K40: 240 | L40: =SUM(J40:K40) -> 240 | M40: F | N40: T | O40: F | P40: T | Q40: C | V40: 8 | X40: =R40+S40+T40+U40+V40+W40 -> 8 | Y40: =X40 -> 8 | AB40: =AA40+Z40+Y40 -> 8 | AC40: =X40 -> 8 | AH40: =SUM(AC40:AG40) -> 8 | AI40: N | AJ40: 3
A41: 2258 | B41: Cây trường 36-T1 | C41: 101717000 | E41: 11.3392406, 106.5573931 | F41: Cây trường 36 | G41: Trừ Văn Thố | H41: Ngã ba Cây trường 36 ĐH750 | I41: ĐT750 <-> cuối tuyến | K41: 490 | L41: =SUM(J41:K41) -> 490 | M41: F | N41: T | O41: F | P41: T | Q41: C | V41: 9 | X41: =R41+S41+T41+U41+V41+W41 -> 9 | Y41: =X41 -> 9 | AB41: =AA41+Z41+Y41 -> 9 | AC41: =X41 -> 9 | AH41: =SUM(AC41:AG41) -> 9 | AI41: N | AJ41: 3
A42: 2259 | B42: Cây trường 37-T1 | C42: 101744000 | D42: No.1511230035 | E42: 11.3382603, 106.5550423 | F42: Cây trường 37 | G42: Trừ Văn Thố | K42: 298 | L42: =SUM(J42:K42) -> 298 | M42: F | N42: T | O42: F | P42: T | Q42: C | V42: 6 | X42: =R42+S42+T42+U42+V42+W42 -> 6 | Y42: =X42 -> 6 | AB42: =AA42+Z42+Y42 -> 6 | AC42: =X42 -> 6 | AH42: =SUM(AC42:AG42) -> 6 | AI42: N | AJ42: 3
A43: 2260 | B43: Cây trường 38-T1 | C43: 101745000 | D43: No.1511173277 | E43: 11.3361605, 106.5528308 | F43: Cây trường 38 | G43: Trừ Văn Thố | K43: 273 | L43: =SUM(J43:K43) -> 273 | M43: F | N43: T | O43: F | P43: T | Q43: C | V43: 5 | X43: =R43+S43+T43+U43+V43+W43 -> 5 | Y43: =X43 -> 5 | AB43: =AA43+Z43+Y43 -> 5 | AC43: =X43 -> 5 | AH43: =SUM(AC43:AG43) -> 5 | AI43: N | AJ43: 3
A44: 2261 | B44: Cây trường 39-T1 | C44: 101746000 | D44: No.21089985 | E44: 11.332584, 106.5499964 | F44: Cây trường 39 | G44: Trừ Văn Thố | K44: 670 | L44: =SUM(J44:K44) -> 670 | M44: T | N44: F | O44: F | P44: T | Q44: K | V44: 15 | X44: =R44+S44+T44+U44+V44+W44 -> 15 | Y44: =X44 -> 15 | AB44: =AA44+Z44+Y44 -> 15 | AC44: =X44 -> 15 | AH44: =SUM(AC44:AG44) -> 15 | AI44: N | AJ44: 3
A45: 2262 | B45: Cây trường 40-T1 | C45: 101747000 | D45: No.21110215 | E45: 11.3382415, 106.5487476 | F45: Cây trường 40 | G45: Trừ Văn Thố | K45: 581 | L45: =SUM(J45:K45) -> 581 | M45: T | N45: F | O45: F | P45: T | Q45: K | V45: 15 | X45: =R45+S45+T45+U45+V45+W45 -> 15 | Y45: =X45 -> 15 | AB45: =AA45+Z45+Y45 -> 15 | AC45: =X45 -> 15 | AH45: =SUM(AC45:AG45) -> 15 | AI45: N | AJ45: 3
A46: 2263 | B46: Cây trường 41-T1 | C46: 101748000 | D46: No.1511187170 | E46: 11.3355921, 106.5479564 | F46: Cây trường 41 | G46: Trừ Văn Thố | K46: 338 | L46: =SUM(J46:K46) -> 338 | M46: T | N46: F | O46: F | P46: T | Q46: C | V46: 11 | X46: =R46+S46+T46+U46+V46+W46 -> 11 | Y46: =X46 -> 11 | AB46: =AA46+Z46+Y46 -> 11 | AC46: =X46 -> 11 | AH46: =SUM(AC46:AG46) -> 11 | AI46: N | AJ46: 3
A47: 2264 | F47: Cây trường 42 | G47: Trừ Văn Thố | K47: 250 | L47: =SUM(J47:K47) -> 250 | V47: 7 | X47: =R47+S47+T47+U47+V47+W47 -> 7 | Y47: =X47 -> 7 | AB47: =AA47+Z47+Y47 -> 7 | AC47: =X47 -> 7 | AH47: =SUM(AC47:AG47) -> 7 | AI47: N | AJ47: 3 | AK47: Chung tủ với Cây trường 41
A48: 2265 | B48: Cây trường 47-T1 | C48: 101714000 | D48: No.211100047103 | E48: 11.320641745299657, 106.56446885491208 | F48: Cây trường 47 | G48: Trừ Văn Thố | H48: Gần trạm TBA 06 Cờ đỏ 31 | I48: ĐH614 <-> Đường HCM/Công trường 70 | K48: 900 | L48: =SUM(J48:K48) -> 900 | M48: F | N48: T | O48: F | P48: T | Q48: K | S48: 18 | X48: =R48+S48+T48+U48+V48+W48 -> 18 | Y48: =X48 -> 18 | AB48: =AA48+Z48+Y48 -> 18 | AC48: =X48 -> 18 | AH48: =SUM(AC48:AG48) -> 18 | AI48: N | AJ48: 2
A49: 2266 | B49: Cây trường 48-T1 | C49: 101716000 | D49: No.1611024150 | E49: 11.315687671196162, 106.56379985005472 | F49: Cây trường 48 | G49: Trừ Văn Thố | H49: Gần trạm TBA 05 TĐC Cờ đỏ | I49: ĐH416 <-> cuối tuyến | K49: 680 | L49: =SUM(J49:K49) -> 680 | M49: F | N49: T | O49: F | P49: T | Q49: K | S49: 18 | X49: =R49+S49+T49+U49+V49+W49 -> 18 | Y49: =X49 -> 18 | AB49: =AA49+Z49+Y49 -> 18 | AC49: =X49 -> 18 | AH49: =SUM(AC49:AG49) -> 18 | AI49: N | AJ49: 3
A50: 2267 | F50: Cây trường 49 | G50: Trừ Văn Thố | I50: ĐH416 <-> cuối tuyến | K50: 700 | L50: =SUM(J50:K50) -> 700 | M50: F | N50: F | O50: F | P50: K | Q50: K | V50: 17 | X50: =R50+S50+T50+U50+V50+W50 -> 17 | Y50: =X50 -> 17 | AB50: =AA50+Z50+Y50 -> 17 | AC50: =X50 -> 17 | AH50: =SUM(AC50:AG50) -> 17 | AI50: N | AJ50: 3 | AK50: Chung tủ Cây trường 69
A51: 2268 | B51: Cây trường 51-T1 | C51: 101711000 | D51: No.1511111364 | E51: 11.29951888039368, 106.55993171781432 | F51: Cây trường 51 | G51: Trừ Văn Thố | H51: Gần trụ số 01 TBA 01 Nguyễn Thanh Nhơn | I51: ĐH614 <-> cuối tuyến | K51: 1730 | L51: =SUM(J51:K51) -> 1730 | M51: F | N51: T | O51: F | P51: T | Q51: C | V51: 24 | X51: =R51+S51+T51+U51+V51+W51 -> 24 | Y51: =X51 -> 24 | AB51: =AA51+Z51+Y51 -> 24 | AC51: =X51 -> 24 | AH51: =SUM(AC51:AG51) -> 24 | AI51: N | AJ51: 2
A52: 2269 | B52: Cây trường 68-T1 | C52: 101741000 | D52: No.21078613 | E52: 11.3185248, 106.565142 | F52: Cây trường 68 | G52: Trừ Văn Thố | H52: Góc ngã tư Cây trường 68-69 | I52: Cuối tuyến <-> Đường HCM | K52: 920 | L52: =SUM(J52:K52) -> 920 | M52: F | N52: T | O52: F | P52: T | Q52: K | S52: 18 | X52: =R52+S52+T52+U52+V52+W52 -> 18 | Y52: =X52 -> 18 | AB52: =AA52+Z52+Y52 -> 18 | AC52: =X52 -> 18 | AH52: =SUM(AC52:AG52) -> 18 | AI52: N | AJ52: 3
A53: 2270 | B53: Cây trường 69-T1 | C53: 101715000 | D53: No.22110033081 | E53: 11.314861597503615, 106.56464871960372 | F53: Cây trường 69 | G53: Trừ Văn Thố | H53: Gần trụ TDCCD 05 T002P | I53: Số trụ 3/1 <-> cuối tuyến | K53: 350 | L53: =SUM(J53:K53) -> 350 | M53: F | N53: T | O53: F | P53: T | Q53: K | V53: 7 | X53: =R53+S53+T53+U53+V53+W53 -> 7 | Y53: =X53 -> 7 | AB53: =AA53+Z53+Y53 -> 7 | AC53: =X53 -> 7 | AH53: =SUM(AC53:AG53) -> 7 | AI53: N | AJ53: 3
A54: 2270 | F54: Cây trường 69 | G54: Trừ Văn Thố | I54: Đường HCM <-> cuối tuyến | K54: 400 | L54: =SUM(J54:K54) -> 400 | S54: 10 | X54: =R54+S54+T54+U54+V54+W54 -> 10 | Y54: =X54 -> 10 | AB54: =AA54+Z54+Y54 -> 10 | AC54: =X54 -> 10 | AH54: =SUM(AC54:AG54) -> 10 | AI54: N | AJ54: 3 | AK54: Chung tủ Cây trường 47
A55: 2271 | F55: TVT04 | G55: Trừ Văn Thố | I55: ĐT750 <-> trường mần non Hoạ Mi | K55: 200 | L55: =SUM(J55:K55) -> 200 | S55: 4 | X55: =R55+S55+T55+U55+V55+W55 -> 4 | Y55: 3 | AB55: =AA55+Z55+Y55 -> 3 | AC55: =X55 -> 4 | AH55: =SUM(AC55:AG55) -> 4 | AK55: Chung tủ vưới ĐT750-T4
A56: 2272 | B56: TVT - đường 08 - T1 | C56: 101737000 | D56: No.201578466 | E56: 11.3569689, 106.6370168 | F56: TVT - đường 08 | G56: Trừ Văn Thố | H56: TBA số 3 ấp 1 TVT | I56: QL13 <-> trụ 15 | K56: 702 | L56: =SUM(J56:K56) -> 702 | M56: F | N56: T | O56: F | P56: T | Q56: K | S56: 5 | V56: 13 | X56: =R56+S56+T56+U56+V56+W56 -> 18 | Y56: =X56 -> 18 | AB56: =AA56+Z56+Y56 -> 18 | AC56: =X56 -> 18 | AH56: =SUM(AC56:AG56) -> 18 | AI56: N | AJ56: 2
A57: 2273 | B57: TVT - đường 10 - T1 | C57: 101736000 | D57: No.2011579658 | E57: 11.3528641, 106.6381612 | F57: TVT - đường 10 | G57: Trừ Văn Thố | H57: Trụ 2-6-8 đường 10 TVT | I57: QL13 <-> trụ 18 | K57: 808 | L57: =SUM(J57:K57) -> 808 | M57: F | N57: T | O57: F | P57: T | Q57: K | S57: 2 | V57: 18 | X57: =R57+S57+T57+U57+V57+W57 -> 20 | Y57: =X57 -> 20 | AB57: =AA57+Z57+Y57 -> 20 | AC57: =X57 -> 20 | AH57: =SUM(AC57:AG57) -> 20 | AI57: N | AJ57: 2
A58: 2274 | F58: TVT - đường 11 | G58: Trừ Văn Thố | H58: Trụ 2-6-8 đường 10 TVT | I58: Sân banh <-> cuối tuyến đường 11 TVT | K58: 374 | L58: =SUM(J58:K58) -> 374 | V58: 9 | X58: =R58+S58+T58+U58+V58+W58 -> 9 | Y58: =X58 -> 9 | AB58: =AA58+Z58+Y58 -> 9 | AC58: =X58 -> 9 | AH58: =SUM(AC58:AG58) -> 9 | AI58: N | AJ58: 2 | AK58: Chung tủ với TVT đường 10 1 vị trí 2 đèn
A59: 2274 | F59: TVT - đường 11 | G59: Trừ Văn Thố | H59: TBA số 3 ấp 1 TVT | I59: TBA số 3 ấp 1 TVT <-> cuối tuyến đường 11 TVT | K59: 211 | L59: =SUM(J59:K59) -> 211 | V59: 5 | X59: =R59+S59+T59+U59+V59+W59 -> 5 | Y59: =X59 -> 5 | AB59: =AA59+Z59+Y59 -> 5 | AC59: =X59 -> 5 | AH59: =SUM(AC59:AG59) -> 5 | AI59: N | AJ59: 2 | AK59: Chung tủ với TVT đường 8
A60: 2275 | B60: TVT - đường 18 - T1 | C60: 101735000 | D60: PB.04090008025 | E60: 11.3471247, 106.6389519 | F60: TVT - đường 14 | G60: Trừ Văn Thố | H60: Trụ 119 - đường 18 TVT | I60: TVT 19 <-> QL13 | K60: 200 | L60: =SUM(J60:K60) -> 200 | M60: F | N60: T | O60: F | P60: T | Q60: K | S60: 3 | X60: =R60+S60+T60+U60+V60+W60 -> 3 | Y60: =X60 -> 3 | AB60: =AA60+Z60+Y60 -> 3 | AC60: =X60 -> 3 | AH60: =SUM(AC60:AG60) -> 3 | AI60: N | AJ60: 3
A61: 2276 | B61: TVT16-T2 | C61: 101267000 | D61: No.221100339304 | E61: 11.350182644101901, 106.6509018560002 | F61: TVT16 | G61: Trừ Văn Thố | H61: Số trụ 1/6 TVT16 | I61: Số trụ 2/3 <-> cuối tuyến | K61: 750 | L61: =SUM(J61:K61) -> 750 | M61: F | N61: T | O61: F | P61: T | Q61: K | V61: 21 | X61: =R61+S61+T61+U61+V61+W61 -> 21 | Y61: =X61 -> 21 | AB61: =AA61+Z61+Y61 -> 21 | AC61: =X61 -> 21 | AH61: =SUM(AC61:AG61) -> 21 | AI61: N | AJ61: 2
A62: 2276 | B62: TVT16-T1 | C62: 101268000 | D62: No.1511290363 | E62: 11.346637224788886, 106.6475504358361 | F62: TVT16 | G62: Trừ Văn Thố | H62: Số trụ TBA 06 Suối Dầu | I62: ĐT750 <-> số trụ 2/3 | K62: 550 | L62: =SUM(J62:K62) -> 550 | M62: F | N62: T | O62: F | P62: T | Q62: K | V62: 18 | X62: =R62+S62+T62+U62+V62+W62 -> 18 | Y62: =X62 -> 18 | AB62: =AA62+Z62+Y62 -> 18 | AC62: =X62 -> 18 | AH62: =SUM(AC62:AG62) -> 18 | AI62: N | AJ62: 3
A63: 2277 | B63: TVT - đường 18 - T1 | C63: 101735000 | F63: TVT - đường 18 | G63: Trừ Văn Thố | H63: Trụ 119 - đường 18 TVT | I63: Ql13 <-> TVT 19 | K63: 189 | L63: =SUM(J63:K63) -> 189 | M63: F | N63: T | O63: F | P63: T | Q63: K | S63: 3 | X63: =R63+S63+T63+U63+V63+W63 -> 3 | Y63: =X63 -> 3 | AB63: =AA63+Z63+Y63 -> 3 | AC63: =X63 -> 3 | AH63: =SUM(AC63:AG63) -> 3 | AI63: N | AJ63: 3
A64: 2278 | B64: TVT - đường 18 - T1 | C64: 101735000 | F64: TVT - đường 19 | G64: Trừ Văn Thố | H64: Trụ 119 - đường 18 TVT | I64: ĐT750 <-> Sân banh | K64: 940 | L64: =SUM(J64:K64) -> 940 | M64: F | N64: T | O64: F | P64: T | Q64: K | S64: 13 | X64: =R64+S64+T64+U64+V64+W64 -> 13 | Y64: =X64 -> 13 | AB64: =AA64+Z64+Y64 -> 13 | AC64: =X64 -> 13 | AH64: =SUM(AC64:AG64) -> 13 | AI64: N | AJ64: 3
A65: 2279 | B65: TVT25-T1 | C65: 101705000 | D65: No.221100365360 | E65: 11.353124650205597, 106.62427162761485 | F65: TVT25 | G65: Trừ Văn Thố | H65: Số trụ 26 - TVT01 | I65: Số trụ 37 <-> số trụ 16 | K65: 850 | L65: =SUM(J65:K65) -> 850 | M65: F | N65: T | O65: F | P65: T | Q65: K | V65: 22 | X65: =R65+S65+T65+U65+V65+W65 -> 22 | Y65: =X65 -> 22 | AB65: =AA65+Z65+Y65 -> 22 | AC65: =X65 -> 22 | AH65: =SUM(AC65:AG65) -> 22 | AI65: N | AJ65: 3
A66: 2279 | B66: TVT25-T2 | C66: 101704000 | D66: No.21072747 | E66: 11.345819947320141, 106.62619452002146 | F66: TVT25 | G66: Trừ Văn Thố | H66: Số trụ 02 - TVT01 | I66: Số trụ 14 <-> ĐT750 | K66: 570 | L66: =SUM(J66:K66) -> 570 | M66: F | N66: T | O66: F | P66: T | Q66: K | S66: 4 | V66: 10 | X66: =R66+S66+T66+U66+V66+W66 -> 14 | Y66: =X66 -> 14 | AB66: =AA66+Z66+Y66 -> 14 | AC66: =X66 -> 14 | AH66: =SUM(AC66:AG66) -> 14 | AI66: N | AJ66: 3
A67: 2280 | B67: TVT71-T5 | C67: 102273000 | D67: No.1511289029 | E67: 11.385923079225373, 106.60749834972117 | F67: TVT71 | G67: Trừ Văn Thố | H67: Số trụ 13B TVT71 | I67: Số trụ 16 <-> số trụ 48 | K67: 320 | L67: =SUM(J67:K67) -> 320 | M67: T | N67: F | O67: F | P67: T | Q67: K | V67: 9 | X67: =R67+S67+T67+U67+V67+W67 -> 9 | Y67: =X67 -> 9 | AB67: =AA67+Z67+Y67 -> 9 | AC67: =X67 -> 9 | AH67: =SUM(AC67:AG67) -> 9 | AI67: N | AJ67: 3
A68: 2280 | B68: TVT71-T4 | C68: 102274000 | D68: No.1511288374 | E68: 11.383269829686157, 106.60751461061332 | F68: TVT71 | G68: Trừ Văn Thố | H68: Bên hông nhà Tổ 16- ấp 4 TVT | I68: Số trụ 20 <-> số trụ 16 | K68: 220 | L68: =SUM(J68:K68) -> 220 | M68: F | N68: T | O68: F | P68: T | Q68: C | V68: 8 | X68: =R68+S68+T68+U68+V68+W68 -> 8 | Y68: =X68 -> 8 | AB68: =AA68+Z68+Y68 -> 8 | AC68: =X68 -> 8 | AH68: =SUM(AC68:AG68) -> 8 | AI68: N | AJ68: 3
A69: 2280 | B69: TVT71-T3 | C69: 102275000 | D69: No.21082728 | E69: 11.380776590678046, 106.60621281723175 | F69: TVT71 | G69: Trừ Văn Thố | H69: Bên hông nhà Tổ 10- ấp 4 TVT | I69: đường 91 <-> số trụ 20 | K69: 600 | L69: =SUM(J69:K69) -> 600 | M69: F | N69: T | O69: F | P69: T | Q69: K | V69: 16 | X69: =R69+S69+T69+U69+V69+W69 -> 16 | Y69: =X69 -> 16 | AB69: =AA69+Z69+Y69 -> 16 | AC69: =X69 -> 16 | AH69: =SUM(AC69:AG69) -> 16 | AI69: N | AJ69: 2
A70: 2280 | B70: TVT71-T2 | C70: 102270000 | D70: No.25100073533 | E70: 11.376430573883596, 106.60504220063481 | F70: TVT71 | G70: Trừ Văn Thố | H70: Góc ngã ba 71-89- TVT71 | I70: đường xóm đoàn kết <-> đường 91 | K70: 380 | L70: =SUM(J70:K70) -> 380 | M70: F | N70: T | O70: F | P70: T | Q70: K | V70: 12 | X70: =R70+S70+T70+U70+V70+W70 -> 12 | Y70: =X70 -> 12 | AB70: =AA70+Z70+Y70 -> 12 | AC70: =X70 -> 12 | AH70: =SUM(AC70:AG70) -> 12 | AI70: N | AJ70: 2
A71: 2280 | B71: TVT71-T1 | C71: 102271000 | D71: No.241200504227 | E71: 11.365008244218231, 106.59117454941834 | F71: TVT71 | G71: Trừ Văn Thố | H71: Gần ngã ba đường HCM-TVT71 | I71: Đường HCM <-> đường xóm đoàn kết | K71: 159 | L71: =SUM(J71:K71) -> 159 | M71: F | N71: T | O71: F | P71: T | Q71: K | V71: 5 | X71: =R71+S71+T71+U71+V71+W71 -> 5 | Y71: =X71 -> 5 | AB71: =AA71+Z71+Y71 -> 5 | AC71: =X71 -> 5 | AH71: =SUM(AC71:AG71) -> 5 | AI71: N | AJ71: 2
A72: 2280 | B72: Cây trường 02-T1 | C72: 101712000 | D72: No.23901591 | E72: 11.346068028469187, 106.5847304252936 | F72: Cây trường 02 | G72: Trừ Văn Thố | H72: Số trụ 01 đèn đường BTK07 | I72: Số trụ 02 <-> ĐT750 | K72: 1060 | L72: =SUM(J72:K72) -> 1060 | M72: T | N72: F | O72: F | P72: T | Q72: C | S72: 22 | X72: =R72+S72+T72+U72+V72+W72 -> 22 | Y72: =X72 -> 22 | AB72: =AA72+Z72+Y72 -> 22 | AC72: =X72 -> 22 | AH72: =SUM(AC72:AG72) -> 22 | AI72: N | AJ72: 3
A73: 2281 | B73: TVT124-T1 | C73: 101708000 | D73: No.1511288383 | E73: 11.366392071369445, 106.59737560907993 | F73: TVT124 | G73: Trừ Văn Thố | H73: Góc ngã ba TVT123 -124 | I73: Số trụ 77B - TT <-> đường HCM | K73: 1320 | L73: =SUM(J73:K73) -> 1320 | M73: F | N73: T | O73: F | P73: T | Q73: K | S73: 4 | V73: 16 | X73: =R73+S73+T73+U73+V73+W73 -> 20 | Y73: =X73 -> 20 | AB73: =AA73+Z73+Y73 -> 20 | AC73: =X73 -> 20 | AH73: =SUM(AC73:AG73) -> 20 | AI73: N | AJ73: 2 | AK73: ĐH đoạn từ QL13 đến ĐT750
A74: 2281 | B74: TVT131-T1 | C74: 101709000 | D74: No.21200356278 | E74: 11.364449523399923, 106.59888946461174 | F74: TVT131 | G74: Trừ Văn Thố | H74: Số trụ 58 | I74: Đường HCM <-> số trụ 52B | K74: 460 | L74: =SUM(J74:K74) -> 460 | M74: F | N74: T | O74: F | P74: T | Q74: C | V74: 9 | X74: =R74+S74+T74+U74+V74+W74 -> 9 | Y74: =X74 -> 9 | AB74: =AA74+Z74+Y74 -> 9 | AC74: =X74 -> 9 | AH74: =SUM(AC74:AG74) -> 9 | AI74: N | AJ74: 2 | AK74: ĐH đoạn từ QL13 đến ĐT750
A75: 2281 | B75: TVT131-T2 | C75: 101710000 | D75: No.22602454 | E75: 11.362087209719352, 106.60582247200105 | F75: TVT131 | G75: Trừ Văn Thố | H75: TBA 44 Tân Trường | I75: Số trụ 52B <-> 40 | K75: 920 | L75: =SUM(J75:K75) -> 920 | M75: F | N75: T | O75: F | P75: T | Q75: C | V75: 21 | X75: =R75+S75+T75+U75+V75+W75 -> 21 | Y75: =X75 -> 21 | AB75: =AA75+Z75+Y75 -> 21 | AC75: =X75 -> 21 | AH75: =SUM(AC75:AG75) -> 21 | AI75: N | AJ75: 2 | AK75: ĐH đoạn từ QL13 đến ĐT750
A76: 2281 | B76: TVT131-T3 | C76: 101707000 | D76: No.221100238734 | E76: 11.361868365416216, 106.61366714491287 | F76: TVT131 | G76: Trừ Văn Thố | H76: Số trụ 33 - TVT 131 | I76: Số trụ 40 <-> Hội trường văn hoá ấp 4 | K76: 850 | L76: =SUM(J76:K76) -> 850 | M76: F | N76: T | O76: F | P76: T | Q76: C | V76: 18 | X76: =R76+S76+T76+U76+V76+W76 -> 18 | Y76: =X76 -> 18 | AB76: =AA76+Z76+Y76 -> 18 | AC76: =X76 -> 18 | AH76: =SUM(AC76:AG76) -> 18 | AI76: N | AJ76: 2 | AK76: ĐH đoạn từ QL13 đến ĐT750
A77: 2281 | B77: TVT01-T1 | C77: 101706000 | D77: No.241200228546 | E77: 11.35700403828764, 106.62630668645754 | F77: TVT01 | G77: Trừ Văn Thố | H77: Số trụ 10 góc ngã ba TVT01 | I77: Hội trường văn hoá ấp 4 <-> QL13 | K77: 2000 | L77: =SUM(J77:K77) -> 2000 | M77: F | N77: T | O77: F | P77: T | Q77: K | S77: 28 | V77: 1 | X77: =R77+S77+T77+U77+V77+W77 -> 29 | Y77: =X77 -> 29 | AB77: =AA77+Z77+Y77 -> 29 | AC77: =X77 -> 29 | AH77: =SUM(AC77:AG77) -> 29 | AI77: N | AJ77: 2 | AK77: ĐH đoạn từ QL13 đến ĐT750
A78: 2281 | B78: TVT 04-T1 | C78: 101713000 | D78: No.1511221720 | E78: 11.347974431711572, 106.58574722717198 | F78: TVT04 | G78: Trừ Văn Thố | H78: Gần trạm TBA 11 Trừ Văn Thố 88 | I78: ĐT750 <-> TBA 1x75kVA | K78: 1310 | L78: =SUM(J78:K78) -> 1310 | M78: T | N78: F | O78: F | P78: T | Q78: K | V78: 28 | X78: =R78+S78+T78+U78+V78+W78 -> 28 | Y78: =X78 -> 28 | AB78: =AA78+Z78+Y78 -> 28 | AC78: =X78 -> 28 | AH78: =SUM(AC78:AG78) -> 28 | AI78: N | AJ78: 3
A79: 2282 | B79: Lai Uyên 9 -T1 | C79: 102269000 | D79: No.1511288573 | E79: 11.343108192096784, 106.64253093312182 | F79: Lai Uyên 9 | G79: Trừ Văn Thố | H79: Số trụ 1/4/6 Lai Uyên 9 | I79: ĐT750 <-> cuối tuyến | K79: 550 | L79: =SUM(J79:K79) -> 550 | M79: F | N79: T | O79: F | P79: T | Q79: K | V79: 13 | X79: =R79+S79+T79+U79+V79+W79 -> 13 | Y79: =X79 -> 13 | AB79: =AA79+Z79+Y79 -> 13 | AC79: =X79 -> 13 | AH79: =SUM(AC79:AG79) -> 13 | AI79: N | AJ79: 3
A80: 2282 | B80: Lai Uyên 10 -T1 | C80: 102266000 | E80: 11.342261368419361, 106.64042062136032 | F80: Lai Uyên 10 | G80: Trừ Văn Thố | H80: Gần ngã tư Lai Uyên 10-08 | I80: QL13 <-> cuối tuyến ngã tư Lai Uyên 8-10 <-> cuối tuyến | K80: 790 | L80: =SUM(J80:K80) -> 790 | M80: F | N80: T | O80: F | P80: T | Q80: K | V80: 19 | X80: =R80+S80+T80+U80+V80+W80 -> 19 | Y80: =X80 -> 19 | AB80: =AA80+Z80+Y80 -> 19 | AC80: =X80 -> 19 | AH80: =SUM(AC80:AG80) -> 19 | AI80: N | AJ80: 3
A81: 2282 | B81: Lai Uyên 2 -T1 | C81: 101703000 | D81: No.21034474 | E81: 11.342070009569955, 106.63767454224325 | F81: Lai Uyên 2,1 | G81: Trừ Văn Thố | H81: Đối diện nhà nghĩ Gia Thành - Lai Uyên | I81: QL13 <-> cuối tuyến | K81: 955 | L81: =SUM(J81:K81) -> 955 | M81: F | N81: T | O81: F | P81: T | Q81: K | S81: 11 | X81: =R81+S81+T81+U81+V81+W81 -> 11 | Y81: =X81 -> 11 | AB81: =AA81+Z81+Y81 -> 11 | AC81: =X81 -> 11 | AH81: =SUM(AC81:AG81) -> 11 | AI81: N | AJ81: 3
A82: 2282 | B82: Lai Uyên 3-T1 | C82: 101702000 | D82: No.21095491 | E82: 11.34018932004562, 106.63610687489309 | F82: Lai Uyên 3 | G82: Trừ Văn Thố | H82: Số trụ 332 - QL13 | I82: QL13 <-> Lai Uyên 04 | K82: 550 | L82: =SUM(J82:K82) -> 550 | M82: F | N82: T | O82: F | P82: T | Q82: K | S82: 6 | V82: 6 | X82: =R82+S82+T82+U82+V82+W82 -> 12 | Y82: =X82 -> 12 | AB82: =AA82+Z82+Y82 -> 12 | AC82: =X82 -> 12 | AH82: =SUM(AC82:AG82) -> 12 | AI82: N | AJ82: 3
A83: 2282 | B83: Lai Uyên 11-T1 | C83: 102265000 | D83: No.21087439 | E83: 11.338464492010981, 106.64089512089886 | F83: Lai Uyên 11, 08 | G83: Trừ Văn Thố | H83: Số trụ 2/1 Lai Uyên 11 | I83: QL13 <-> cuối tuyến QL13 <-> Lai Uyên 10 | K83: 900 | L83: =SUM(J83:K83) -> 900 | M83: F | N83: T | O83: F | P83: T | Q83: K | S83: 8 | V83: 11 | X83: =R83+S83+T83+U83+V83+W83 -> 19 | Y83: =X83 -> 19 | AB83: =AA83+Z83+Y83 -> 19 | AC83: =X83 -> 19 | AH83: =SUM(AC83:AG83) -> 19 | AI83: N | AJ83: 3
A84: 2282 | B84: Lai Uyên 12-T1 | C84: 102264000 | D84: No.21914642 | E84: 11.338246772076102, 106.63792499351001 | F84: Lai Uyên 12 | G84: Trừ Văn Thố | H84: Góc ngã ba QL13 - Lai Uyên 12 | I84: QL13 <->cuối tuyến | K84: 200 | L84: =SUM(J84:K84) -> 200 | M84: F | N84: T | O84: F | P84: T | Q84: K | V84: 6 | X84: =R84+S84+T84+U84+V84+W84 -> 6 | Y84: =X84 -> 6 | AB84: =AA84+Z84+Y84 -> 6 | AC84: =X84 -> 6 | AH84: =SUM(AC84:AG84) -> 6 | AI84: N | AJ84: 3
A85: 2282 | B85: Lai Uyên 4-T1 | C85: 101701000 | D85: No.25092202 | E85: 11.336543275985248, 106.63463853309548 | F85: Lai Uyên 4 | G85: Trừ Văn Thố | H85: Góc ngã ba Lai Uyên 04-05 | I85: QL13 <-> cuối tuyến Lai Uyên 4 Lai Uyên 4 <-> QL13 | K85: 1430 | L85: =SUM(J85:K85) -> 1430 | M85: F | N85: T | O85: F | P85: T | Q85: K | V85: 33 | X85: =R85+S85+T85+U85+V85+W85 -> 33 | Y85: =X85 -> 33 | AB85: =AA85+Z85+Y85 -> 33 | AC85: =X85 -> 33 | AH85: =SUM(AC85:AG85) -> 33 | AI85: N | AJ85: 3
A86: 2282 | B86: Lai Uyên 15-T1 | C86: 101696000 | D86: No.1611166950 | E86: 11.332758176150824, 106.63832807923353 | F86: Lai Uyên 15 | G86: Trừ Văn Thố | H86: Góc ngã ba Lai Uyên 15 | I86: Ngã ba Lai Uyên 16-15 <-> Lai Uyên 13 <-> QL13 | K86: 910 | L86: =SUM(J86:K86) -> 910 | M86: F | N86: T | O86: F | P86: T | Q86: K | V86: 20 | X86: =R86+S86+T86+U86+V86+W86 -> 20 | Y86: =X86 -> 20 | AB86: =AA86+Z86+Y86 -> 20 | AC86: =X86 -> 20 | AH86: =SUM(AC86:AG86) -> 20 | AI86: N | AJ86: 3
A87: 2282 | B87: Lai Uyên 6-T1 | C87: 101700000 | D87: No.221100359568 | E87: 11.332102250318139, 106.63582365038492 | F87: Lai Uyên 6 | G87: Trừ Văn Thố | H87: Góc ngã ba Lai Uyên 06-QL13 | I87: Lai Uyên 4 <-> QL13 | K87: 810 | L87: =SUM(J87:K87) -> 810 | M87: F | N87: T | O87: F | P87: T | Q87: K | V87: 13 | X87: =R87+S87+T87+U87+V87+W87 -> 13 | Y87: =X87 -> 13 | AB87: =AA87+Z87+Y87 -> 13 | AC87: =X87 -> 13 | AH87: =SUM(AC87:AG87) -> 13 | AI87: N | AJ87: 3
A88: 2282 | B88: Lai Uyên 7-T1 | C88: 101699000 | D88: No.1611028147 | E88: 11.332096005800489, 106.63254984664417 | F88: Lai Uyên 7 | G88: Trừ Văn Thố | H88: Số trụ 1/4 Lai Uyên 7 | I88: Lai Uyên 6 <->QL13 | K88: 710 | L88: =SUM(J88:K88) -> 710 | M88: F | N88: T | O88: F | P88: T | Q88: K | S88: 14 | X88: =R88+S88+T88+U88+V88+W88 -> 14 | Y88: =X88 -> 14 | AB88: =AA88+Z88+Y88 -> 14 | AC88: =X88 -> 14 | AH88: =SUM(AC88:AG88) -> 14 | AI88: N | AJ88: 3
A89: 2282 | B89: Lai Uyên 16-T1 | C89: 101698000 | D89: No.221100359577 | E89: 11.330027076691508, 106.6385159050943 | F89: Lai Uyên 16 | G89: Trừ Văn Thố | H89: Góc ngã ba Lai Uyên 16 | I89: Lai Uyên 18 <-> cuối tuyến | K89: 265 | L89: =SUM(J89:K89) -> 265 | M89: F | N89: T | O89: F | P89: T | Q89: K | V89: 8 | X89: =R89+S89+T89+U89+V89+W89 -> 8 | Y89: =X89 -> 8 | AB89: =AA89+Z89+Y89 -> 8 | AC89: =X89 -> 8 | AH89: =SUM(AC89:AG89) -> 8 | AI89: N | AJ89: 3
A90: 2282 | B90: Lai Uyên 17-T1 | C90: 101697000 | D90: No.231100090748 | E90: 11.329713743190371, 106.64158863956727 | F90: Lai Uyên 17 | G90: Trừ Văn Thố | H90: Gần góc ngã ba Lai Uyên 16-17 | I90: Lai Uyên 18-16 <-> cuối tuyến | K90: 950 | L90: =SUM(J90:K90) -> 950 | M90: F | N90: T | O90: F | P90: T | Q90: K | V90: 24 | X90: =R90+S90+T90+U90+V90+W90 -> 24 | Y90: =X90 -> 24 | AB90: =AA90+Z90+Y90 -> 24 | AC90: =X90 -> 24 | AH90: =SUM(AC90:AG90) -> 24 | AI90: N | AJ90: 3
A91: 2283 | B91: ĐT750 - T5 | C91: 102001000 | D91: PB.04090007061 | E91: 11.3442438, 106.6453377 | F91: ĐT750 | G91: Trừ Văn Thố | H91: Trụ 09 - ĐT750 | I91: QL13 <-> trụ 12 | K91: 848 | L91: =SUM(J91:K91) -> 848 | M91: T | N91: F | O91: F | P91: T | Q91: K | V91: 12 | X91: =R91+S91+T91+U91+V91+W91 -> 12 | Y91: =X91 -> 12 | AB91: =AA91+Z91+Y91 -> 12 | AC91: =X91 -> 12 | AH91: =SUM(AC91:AG91) -> 12 | AI91: N | AJ91: 2
A92: 2283 | B92: ĐT750 - T4 | C92: 101734000 | D92: PB.04090010503 | E92: 11.3447745, 106.622477 | F92: ĐT750 | G92: Trừ Văn Thố | H92: Trụ 01 cây xăng 215 | I92: TVT 38 <-> trụ 6B Đ750 <-> Cty Ngọc Nam | K92: 2264 | L92: =SUM(J92:K92) -> 2264 | M92: F | N92: T | O92: F | P92: T | Q92: K | V92: 26 | W92: 13 | X92: =R92+S92+T92+U92+V92+W92 -> 39 | Y92: =X92 -> 39 | AB92: =AA92+Z92+Y92 -> 39 | AC92: 26 | AH92: =SUM(AC92:AG92) -> 26 | AI92: Đ | AJ92: 3 | AK92: 13 đèn compact
A93: 2283 | B93: ĐT750 - T2 | C93: 101730000 | D93: PB.04090007938 | E93: 11.3443087, 106.5782337 | F93: ĐT750 | G93: Trừ Văn Thố | H93: Ngã ba ĐT750 - Cây trường 12 | I93: Số nhà 220 <-> trụ 07 | K93: 2064 | L93: =SUM(J93:K93) -> 2064 | M93: T | N93: F | O93: F | P93: T | Q93: K | V93: 30 | X93: =R93+S93+T93+U93+V93+W93 -> 30 | Y93: =X93 -> 30 | AB93: =AA93+Z93+Y93 -> 30 | AC93: =X93 -> 30 | AH93: =SUM(AC93:AG93) -> 30 | AI93: Đ | AJ93: 3
A94: 2283 | B94: ĐT750 - T3 | C94: 101733000 | D94: PB.04090010502 | E94: 11.3422511, 106.5983901 | F94: ĐT750 | G94: Trừ Văn Thố | H94: Ngã ba ĐT750 - đường 55 TVT | I94: Trụ 81 <-> TVT 38 ĐT750 <-> Cuối đường | K94: 3511 | L94: =SUM(J94:K94) -> 3511 | M94: F | N94: T | O94: F | P94: T | Q94: K | S94: 7 | V94: 46 | W94: 8 | X94: =R94+S94+T94+U94+V94+W94 -> 61 | Y94: =X94 -> 61 | AB94: =AA94+Z94+Y94 -> 61 | AC94: 55 | AH94: =SUM(AC94:AG94) -> 55 | AI94: Đ | AJ94: 3 | AK94: 8 đèn compact
A95: 2283 | B95: ĐT750 - T1 | C95: 101718000 | D95: No.239101593 | E95: 11.3385983, 106.55787 | F95: ĐT750 | G95: Trừ Văn Thố | H95: Ngã ba ĐT750 - Cây trường 36 | I95: Cổng chào <-> trụ 112B | K95: 2450 | L95: =SUM(J95:K95) -> 2450 | M95: F | N95: T | O95: F | P95: T | Q95: K | V95: 39 | X95: =R95+S95+T95+U95+V95+W95 -> 39 | Y95: =X95 -> 39 | AB95: =AA95+Z95+Y95 -> 39 | AC95: =X95 -> 39 | AH95: =SUM(AC95:AG95) -> 39 | AI95: N | AJ95: 3
A96: 2283 | B96: TVT - đường 18 - T1 | C96: 101735000 | F96: ĐT750 | G96: Trừ Văn Thố | H96: Trụ 119 - ngã 3 QL13 - đường 18 TVT | I96: Trụ 06B <-> QL13 | K96: 494 | L96: =SUM(J96:K96) -> 494 | M96: F | N96: T | O96: F | P96: T | Q96: K | S96: 3 | V96: 6 | X96: =R96+S96+T96+U96+V96+W96 -> 9 | Y96: 8 | AB96: =AA96+Z96+Y96 -> 8 | AC96: =X96 -> 9 | AH96: =SUM(AC96:AG96) -> 9 | AI96: N | AJ96: 3 | AK96: 1 vị trí 2 đèn

Sheet Tổng
A1: PHÂN CẤP SƠ BỘ
A3: STT (Theo danh sách Trung tâm) | B3: Tên tủ điều khiển | C3: Mã QR tủ điều khiển | D3: MÃ NO | E3: MÃ PE / NO kiểm tra lại | G3: MÃ PE | H3: Định vị TĐK | K3: Tuyến đường | L3: Phường/Xã | M3: Địa chỉ tủ điều khiển | N3: Lý trình | O3: Chiều dài tuyến | R3: Trạm đèn | W3: Bộ đèn | AH3: Cần đèn | AN3: Cáp | AP3: Ghi chú
O4: Cáp ngầm | P4: Cáp nổi | Q4: Tổng cộng | R4: dùng PLC | S4: dùng Timer | T4: Tủ KNTT | U4: Loại tủ (Thép/ Composite) | V4: Tiếp địa (có hay không) | W4: HPS | AA4: LED | AB4: Khác (Pha, Trang trí, …) | AC4: Tổng cộng | AD4: Trụ đèn (Trừ các trụ do Điện lực quản lý) | AG4: Tổng cộng | AH4: Đơn | AJ4: Đôi Ø60 | AK4: Ba Ø60 | AL4: Bốn Ø60 | AM4: Tổng cộng | AN4: Cáp từ tủ ra đèn
W5: 100W | X5: 150W | Y5: 250W | Z5: Khác | AD5: Bê tông | AE5: Kim loại | AF5: TT | AH5: Ø49 | AI5: Ø60 | AN5: Cáp đồng hay nhôm | AO5: Số sợi (1/2/3/4)
A6: (1) | B6: (2) | C6: (3) | D6: (4) | K6: (5) | L6: (6) | M6: (7) | N6: (8) | O6: (9) | P6: (10) | Q6: (11) | R6: (12) | S6: (13) | T6: (14) | U6: (15) | V6: (16) | W6: (17) | X6: (18) | Y6: (19) | Z6: (20) | AA6: (21) | AB6: (22) | AC6: (23) | AD6: (24) | AE6: (25) | AF6: (26) | AG6: (27) | AH6: (28) | AI6: (29) | AJ6: (30) | AK6: (31) | AL6: (32) | AM6: (33) | AN6: (34) | AO6: (35) | AP6: (36)
B7: =SUBTOTAL(3,B9:B9368) -> 340 | C7: =SUBTOTAL(3,C9:C9368) -> 334 | D7: =SUBTOTAL(3,D9:D9368) -> 325 | F7: =SUBTOTAL(3,F9:F9368) -> 320 | G7: =SUBTOTAL(3,G9:G9368) -> 249 | H7: =SUBTOTAL(3,H9:H9368) -> 334 | K7: =SUBTOTAL(3,K9:K9368) -> 372 | L7: =SUBTOTAL(3,L9:L9368) -> 372 | M7: =SUBTOTAL(3,M9:M9368) -> 288 | Q7: =SUBTOTAL(9,Q9:Q9368) -> 244586 | W7: =SUBTOTAL(9,W9:W9368) -> 0 | X7: =SUBTOTAL(9,X9:X9368) -> 269 | Y7: =SUBTOTAL(9,Y9:Y9368) -> 659 | Z7: =SUBTOTAL(9,Z9:Z9368) -> 510 | AA7: =SUBTOTAL(9,AA9:AA9368) -> 4352 | AB7: =SUBTOTAL(9,AB9:AB9368) -> 24 | AC7: =SUBTOTAL(9,AC9:AC9368) -> 5814 | AD7: =SUBTOTAL(9,AD9:AD9368) -> 5018 | AE7: =SUBTOTAL(9,AE9:AE9368) -> 430 | AG7: =SUBTOTAL(9,AG9:AG9368) -> 5425 | AH7: =SUBTOTAL(9,AH9:AH9368) -> 1729 | AI7: =SUBTOTAL(9,AI9:AI9368) -> 3378 | AJ7: =SUBTOTAL(9,AJ9:AJ9368) -> 334 | AK7: =SUBTOTAL(9,AK9:AK9368) -> 11 | AL7: =SUBTOTAL(9,AL9:AL9368) -> 0 | AM7: =SUBTOTAL(9,AM9:AM9368) -> 5420
A9: 1638 | B9: Trạm CS ĐT 741B | C9: 101288000 | D9: 21001204 | F9: =VLOOKUP(D9,'rà soát ĐK'!B2:C452,2,0) -> PB04090010364 | G9: PB04090010364 | H9: 11.2654794, 106.644207 | I9: 112654794 | J9: 106644207 | K9: ĐT 741B | L9: Bến Cát | M9: TBA 1x15KVA 18 | N9: 01 - 03 | P9: 2400 | Q9: =SUM(O9:P9) -> 2400 | R9: F | S9: T | T9: F | U9: Thép | V9: Có | Y9: 34 | AC9: =SUM(W9:AB9) -> 34 | AD9: 34 | AG9: =SUM(AD9:AF9) -> 34 | AI9: 34 | AM9: =SUM(AH9:AL9) -> 34 | AN9: Nhôm | AO9: 3
A10: 1638 | B10: Trạm Cs ĐT 741B Trạm 1 | C10: 102701000 | D10: 2321001439 | F10: =VLOOKUP(D10,'rà soát ĐK'!B3:C453,2,0) -> PB04090007937 | G10: PB04090007937 | H10: 11.2524295, 106.6608964 | I10: 112524295 | J10: 1066608964 | K10: ĐT 741B | L10: Bến Cát | M10: TBA 1x15KVA 49 | N10: 01 - 04 | P10: 2680 | Q10: =SUM(P10) -> 2680 | R10: T | S10: F | T10: F | U10: Thép | V10: Không | Y10: 33 | AC10: =SUM(W10:AB10) -> 33 | AD10: 33 | AG10: =SUM(AD10:AF10) -> 33 | AI10: 33 | AM10: =SUM(AH10:AL10) -> 33 | AN10: Nhôm | AO10: 3
A11: 1638 | B11: Trạm CS ĐT 741B Trạm 2 | C11: 102118000 | D11: 2321001464 | F11: =VLOOKUP(D11,'rà soát ĐK'!B4:C454,2,0) -> PB04090010363 | G11: PB04090010363 | H11: 11.2401682, 106.6753898 | I11: 112401682 | J11: 1066753898 | K11: ĐT 741B | L11: Bến Cát | M11: TBA 1x15KVA 77 | N11: 01 - 03 | P11: 1300 | Q11: =SUM(O11:P11) -> 1300 | R11: F | S11: T | T11: F | U11: Thép | V11: Không | Y11: 18 | AC11: =SUM(W11:AB11) -> 18 | AD11: 18 | AG11: =SUM(AD11:AF11) -> 18 | AI11: 18 | AM11: =SUM(AH11:AL11) -> 18 | AN11: Nhôm | AO11: 3
A12: 1645 | B12: Trạm CS Tân Hưng 27 | C12: 103001000 | D12: 21039952 | F12: =VLOOKUP(D12,'rà soát ĐK'!B5:C455,2,0) -> PB04090034471 | G12: PB04090034471 | H12: 11.2564605, 106.6638722 | I12: 112564605 | J12: 1066638722 | K12: Tân Hưng 27 | L12: Bến Cát | M12: THT 1/3 | N12: 01 - 02 | P12: 450 | Q12: =SUM(O12:P12) -> 450 | R12: F | S12: T | T12: F | U12: Thép | V12: Không | AA12: 9 | AC12: =SUM(W12:AB12) -> 9 | AD12: 9 | AG12: =SUM(AD12:AF12) -> 9 | AI12: 9 | AM12: =SUM(AH12:AL12) -> 9 | AN12: Nhôm | AO12: 3
A13: 1654 | B13: Trạm CS Tân Hưng 61 Trạm 1 | C13: 101276000 | D13: 1511178832 | F13: =VLOOKUP(D13,'rà soát ĐK'!B6:C456,2,0) -> PB04090032511 | G13: PB04090032511 | H13: 11.2722213, 106.6405633 | I13: 112722213 | J13: 1066405633 | K13: Tân Hưng 61 | L13: Bến Cát | M13: HT 1/3 | N13: 01 - 03 | P13: 780 | Q13: =SUM(O13:P13) -> 780 | R13: T | S13: F | T13: F | U13: Thép | V13: Có | AA13: 13 | AC13: =SUM(W13:AB13) -> 13 | AD13: 13 | AG13: =SUM(AD13:AF13) -> 13 | AI13: 13 | AM13: =SUM(AH13:AL13) -> 13 | AN13: Nhôm | AO13: 3
A14: 1654 | B14: Trạm CS Tân Hưng 61 Trạm 2 | C14: 101274000 | D14: 1511187168 | F14: =VLOOKUP(D14,'rà soát ĐK'!B7:C457,2,0) -> PB04090032512 | G14: PB04090032512 | H14: 11.2793777, 106.6421409 | I14: 112793777 | J14: 1066421409 | K14: Tân Hưng 61 | L14: Bến Cát | M14: Trụ TT B TAH4/09 T017T | N14: 01 - 03 | P14: 1080 | Q14: =SUM(O14:P14) -> 1080 | R14: T | S14: F | T14: F | U14: Thép | V14: Có | AA14: 18 | AC14: =SUM(W14:AB14) -> 18 | AD14: 18 | AG14: =SUM(AD14:AF14) -> 18 | AI14: 18 | AM14: =SUM(AH14:AL14) -> 18 | AN14: Nhôm | AO14: 3
A15: 1655 | B15: Trạm CS Lai Hưng 63 Trạm 3 | C15: 102704000 | D15: 1611025980 | F15: =VLOOKUP(D15,'rà soát ĐK'!B8:C458,2,0) -> PB04090023096 | G15: PB04090023096 | H15: 11.2557884, 106.6578488 | I15: 112557884 | J15: 1066578488 | K15: Tân Hưng 63 | L15: Bến Cát | M15: THT 4/2 | N15: 01 - 07 | P15: 600 | Q15: =SUM(O15:P15) -> 600 | R15: F | S15: T | T15: F | U15: Thép | V15: Không | Y15: 8 | Z15: 3 | AC15: =SUM(W15:AB15) -> 11 | AD15: 11 | AG15: =SUM(AD15:AF15) -> 11 | AH15: 3 | AI15: 8 | AM15: =SUM(AH15:AL15) -> 11 | AN15: Nhôm | AO15: 3
A16: 1655 | B16: Trạm CS Tân Hưng 63 Trạm 6 | C16: 102707000 | D16: 21072303 | F16: =VLOOKUP(D16,'rà soát ĐK'!B9:C459,2,0) -> PB04090023099 | G16: PB04090023099 | H16: ` | I16: 112442979 | J16: 106671892 | K16: Tân Hưng 63 | L16: Bến Cát | M16: THT 4/1 | N16: 01 - 08 | P16: 540 | Q16: =SUM(O16:P16) -> 540 | R16: F | S16: T | T16: F | U16: Thép | V16: Không | Y16: 6 | Z16: 4 | AC16: =SUM(W16:AB16) -> 10 | AD16: 10 | AG16: =SUM(AD16:AF16) -> 10 | AH16: 4 | AI16: 6 | AM16: =SUM(AH16:AL16) -> 10 | AN16: Nhôm | AO16: 2
A17: 1656 | B17: Trạm CS đường Bìa Lô 2, 3, 4 Trạm 1 | C17: 101279000 | D17: PB.04040069605 | F17: PB.04040069605 | G17: PB.04040069605 | H17: 11.2695966, 106.6415934 | I17: 112695966 | J17: 1066415934 | K17: đường bìa lô 2, 3, 4 | L17: Bến Cát | M17: trụ HT 31 - 1 - 13 | N17: 01 - 03 | P17: 340 | Q17: =SUM(O17:P17) -> 340 | R17: T | S17: F | T17: F | U17: Thép | V17: Có | AA17: 7 | AC17: =SUM(W17:AB17) -> 7 | AD17: 7 | AG17: =SUM(AD17:AF17) -> 7 | AI17: 7 | AM17: =SUM(AH17:AL17) -> 7 | AN17: Nhôm | AO17: 3
A18: 1656 | B18: Trạm CS đường Bìa Lô 2, 3, 4 Trạm 2 | C18: 101280000 | D18: 1511187163 | F18: =VLOOKUP(D18,'rà soát ĐK'!B11:C461,2,0) -> PB04090032505 | G18: PB04090032505 | H18: =VLOOKUP(C18,'[1]Bến Cát'!$E$4:$F$177,2,0) -> 11.2673819, 106.6458982 | I18: 112673819 | J18: 1066458982 | K18: đường bìa lô 2, 3, 4 | L18: Bến Cát | M18: trụ HT 4H-12 | N18: 01 - 03 | P18: 400 | Q18: =SUM(O18:P18) -> 400 | R18: T | S18: F | T18: F | U18: Thép | V18: Có | AA18: 7 | AC18: =SUM(W18:AB18) -> 7 | AD18: 7 | AG18: =SUM(AD18:AF18) -> 7 | AI18: 7 | AM18: =SUM(AH18:AL18) -> 7 | AN18: Nhôm | AO18: 3
A19: 1656 | B19: Trạm CS đường Bìa Lô 2, 3, 4 Trạm 3 | C19: 101282000 | D19: 2011582307 | F19: =VLOOKUP(D19,'rà soát ĐK'!B12:C462,2,0) -> #N/A | H19: =VLOOKUP(C19,'[1]Bến Cát'!$E$4:$F$177,2,0) -> 11.26113, 106.6525983 | I19: 1126113 | J19: 1066525983 | K19: đường bìa lô 2, 3, 4 | L19: Bến Cát | M19: HT 44-4 | N19: 01 - 03 | P19: 540 | Q19: =SUM(O19:P19) -> 540 | R19: T | S19: F | T19: F | U19: Thép | V19: Có | AA19: 9 | AC19: =SUM(W19:AB19) -> 9 | AD19: 9 | AG19: =SUM(AD19:AF19) -> 9 | AI19: 9 | AM19: =SUM(AH19:AL19) -> 9 | AN19: Nhôm | AO19: 3
A20: 1656 | B20: Trạm CS đường Bìa Lô 2, 3, 4 Trạm 4 | C20: 101283000 | D20: PB.04010011349 | F20: PB.04010011349 | G20: PB.04010011349 | H20: =VLOOKUP(C20,'[1]Bến Cát'!$E$4:$F$177,2,0) -> 11.2572522, 106.6571405 | I20: 112572522 | J20: 1066571405 | K20: đường bìa lô 2, 3, 4 | L20: Bến Cát | M20: HT 03-2-7 | N20: 01- 03 | P20: 480 | Q20: =SUM(O20:P20) -> 480 | R20: T | S20: F | T20: F | U20: Thép | V20: Có | AA20: 9 | AC20: =SUM(W20:AB20) -> 9 | AD20: 9 | AG20: =SUM(AD20:AF20) -> 9 | AI20: 9 | AM20: =SUM(AH20:AL20) -> 9 | AN20: Nhôm | AO20: 3
A21: 1656 | B21: Trạm CS đường Bìa Lô 2, 3, 4 Trạm 5 | C21: 101285000 | D21: PB.04010032508 | F21: PB.04010032508 | G21: PB.04010032508 | H21: =VLOOKUP(C21,'[1]Bến Cát'!$E$4:$F$177,2,0) -> 11.2549962, 106.6611164 | I21: 112549962 | J21: 1066611164 | K21: đường bìa lô 2, 3, 4 | L21: Bến Cát | M21: HT 3-6-10 | N21: 01 - 03 | P21: 130 | Q21: =SUM(O21:P21) -> 130 | R21: F | S21: T | T21: F | U21: Thép | V21: Có | AA21: 3 | AC21: =SUM(W21:AB21) -> 3 | AD21: 3 | AG21: =SUM(AD21:AF21) -> 3 | AI21: 3 | AM21: =SUM(AH21:AL21) -> 3 | AN21: Nhôm | AO21: 3
A22: 1656 | B22: Trạm CS đường Bìa Lô 2, 3, 4 Trạm 6 | C22: 101286000 | D22: 151187154 | F22: =VLOOKUP(D22,'rà soát ĐK'!B15:C465,2,0) -> #N/A | H22: =VLOOKUP(C22,'[1]Bến Cát'!$E$4:$F$177,2,0) -> 11.252712, 106.6629862 | I22: 11252712 | J22: 1066629862 | K22: đường bìa lô 2, 3, 4 | L22: Bến Cát | M22: gần tiệm rửa xe Tư Đăng | N22: 01 - 03 | P22: 420 | Q22: =SUM(O22:P22) -> 420 | R22: T | S22: F | T22: F | U22: Thép | V22: Có | AA22: 7 | AC22: =SUM(W22:AB22) -> 7 | AD22: 7 | AG22: =SUM(AD22:AF22) -> 7 | AI22: 7 | AM22: =SUM(AH22:AL22) -> 7 | AN22: Nhôm | AO22: 3
A23: 1656 | B23: Trạm CS đường Bìa Lô 2, 3, 4 Trạm 7 | C23: 103264000 | D23: 1511188151 | F23: =VLOOKUP(D23,'rà soát ĐK'!B16:C466,2,0) -> PB04090032510 | G23: PB04090032510 | H23: =VLOOKUP(C23,'[1]Bến Cát'!$E$4:$F$177,2,0) -> 11.2496233, 106.66612 | I23: 112496233 | J23: 10666612 | K23: đường bìa lô 2, 3, 4 | L23: Bến Cát | M23: HT 03-11-13 | N23: 01 - 03 | P23: 310 | Q23: =SUM(O23:P23) -> 310 | R23: T | S23: F | T23: F | U23: Thép | V23: Có | AA23: 5 | AC23: =SUM(W23:AB23) -> 5 | AD23: 5 | AG23: =SUM(AD23:AF23) -> 5 | AI23: 5 | AM23: =SUM(AH23:AL23) -> 5 | AN23: Nhôm | AO23: 3
A24: 1656 | B24: Trạm CS đường Bìa Lô 2, 3, 4 Trạm 8 | C24: 103265000 | D24: 1511285335 | F24: =VLOOKUP(D24,'rà soát ĐK'!B17:C467,2,0) -> PB04090028720 | G24: PB04090028720 | H24: =VLOOKUP(C24,'[1]Bến Cát'!$E$4:$F$177,2,0) -> 11.2473287, 106.6688503 | I24: 112473287 | J24: 1066688503 | K24: đường bìa lô 2, 3, 4 | L24: Bến Cát | M24: HT 1/4 | N24: 01 - 03 | P24: 320 | Q24: =SUM(O24:P24) -> 320 | R24: F | S24: T | T24: F | U24: Thép | V24: Có | AA24: 11 | AC24: =SUM(W24:AB24) -> 11 | AD24: 11 | AG24: =SUM(AD24:AF24) -> 11 | AI24: 11 | AM24: =SUM(AH24:AL24) -> 11 | AN24: Nhôm | AO24: 2
A25: 1656 | B25: Trạm CS đường Bìa Lô 2, 3, 4 Trạm 9 | C25: 103266000 | D25: 1511288404 | F25: =VLOOKUP(D25,'rà soát ĐK'!B18:C468,2,0) -> #N/A | H25: =VLOOKUP(C25,'[1]Bến Cát'!$E$4:$F$177,2,0) -> 11.2451133, 106.6726483 | I25: 112451133 | J25: 1066726483 | K25: đường bìa lô 2, 3, 4 | L25: Bến Cát | M25: HT 1/2 | N25: 01 - 03 | P25: 310 | Q25: =SUM(O25:P25) -> 310 | R25: F | S25: T | T25: F | U25: Thép | V25: Có | AA25: 11 | AC25: =SUM(W25:AB25) -> 11 | AD25: 11 | AG25: =SUM(AD25:AF25) -> 11 | AI25: 11 | AM25: =SUM(AH25:AL25) -> 11 | AN25: Nhôm | AO25: 2
A26: 1656 | B26: Trạm CS đường Bìa Lô 2, 3, 4 Trạm 10 | C26: 103267000 | D26: 1911604765 | F26: =VLOOKUP(D26,'rà soát ĐK'!B19:C469,2,0) -> PB04090028718 | G26: PB04090028718 | H26: =VLOOKUP(C26,'[1]Bến Cát'!$E$4:$F$177,2,0) -> 11.241215, 106.6767017 | I26: 11241215 | J26: 1066767017 | K26: đường bìa lô 2, 3, 4 | L26: Bến Cát | M26: HT 23H-1/8 | N26: 01 - 03 | P26: 660 | Q26: =SUM(O26:P26) -> 660 | R26: F | S26: T | T26: F | U26: Thép | V26: Có | AA26: 20 | AC26: =SUM(W26:AB26) -> 20 | AD26: 20 | AG26: =SUM(AD26:AF26) -> 20 | AI26: 20 | AM26: =SUM(AH26:AL26) -> 20 | AN26: Nhôm | AO26: 2
A27: 1657 | B27: Trạm CS Tân Hưng 72 (đã đổi thành 50) | C27: 102752000 | D27: 1511111088 | F27: =VLOOKUP(D27,'rà soát ĐK'!B20:C470,2,0) -> PB04090032513 | G27: PB04090032513 | H27: =VLOOKUP(C27,'[1]Bến Cát'!$E$4:$F$177,2,0) -> 11.23924596445325, 106.64373200503147 | I27: 1.1239246e+15 | J27: 1.0664373e+16 | K27: Tân Hưng 50 | L27: Bến Cát | M27: HT 15-8 | N27: 01 - 03 | P27: 200 | Q27: =SUM(O27:P27) -> 200 | R27: T | S27: F | T27: F | U27: Thép | V27: Có | AA27: 6 | AC27: =SUM(W27:AB27) -> 6 | AD27: 6 | AG27: =SUM(AD27:AF27) -> 6 | AI27: 6 | AM27: =SUM(AH27:AL27) -> 6 | AN27: Nhôm | AO27: 3
A28: 1658 | B28: Trạm CS Lai Hưng 04 | C28: 103293000 | D28: 1611596539 | F28: =VLOOKUP(D28,'rà soát ĐK'!B21:C471,2,0) -> PB04090034457 | G28: PB04090034457 | H28: =VLOOKUP(C28,'[1]Bến Cát'!$E$4:$F$177,2,0) -> 11.177386258353236, 106.59410869493205 | I28: 1.1177386e+16 | J28: 1.0659411e+16 | K28: Lai Hưng 04 | L28: Bến Cát | M28: TBA 06 cầu đôi | N28: 01 - 03 | P28: 360 | Q28: =SUM(O28:P28) -> 360 | R28: T | S28: F | T28: F | U28: Thép | V28: Không | AA28: 10 | AC28: =SUM(W28:AB28) -> 10 | AD28: 10 | AG28: =SUM(AD28:AF28) -> 10 | AI28: 10 | AM28: =SUM(AH28:AL28) -> 10 | AN28: Nhôm | AO28: 3
A29: 1659 | B29: Trạm CS Lai Hưng 06 | C29: 103294000 | D29: 251200039422 | F29: =VLOOKUP(D29,'rà soát ĐK'!B22:C472,2,0) -> PE19000001521 | G29: PE19000001521 | H29: =VLOOKUP(C29,'[1]Bến Cát'!$E$4:$F$177,2,0) -> 11.179394565798841, 106.59424352359349 | I29: 1.1179395e+16 | J29: 1.0659424e+16 | K29: Lai Hưng 06 | L29: Bến Cát | M29: HT 13 LH 06 | N29: 01 - 02 | P29: 320 | Q29: =SUM(O29:P29) -> 320 | R29: T | S29: F | T29: F | U29: Thép | V29: Không | AA29: 8 | AC29: =SUM(W29:AB29) -> 8 | AD29: 8 | AG29: =SUM(AD29:AF29) -> 8 | AI29: 8 | AM29: =SUM(AH29:AL29) -> 8 | AN29: Nhôm | AO29: 3
A30: 1659 | B30: Trạm CS Lai Hưng 06 Trạm 2 | C30: 103299000 | D30: 251200039686 | F30: =VLOOKUP(D30,'rà soát ĐK'!B23:C473,2,0) -> PE19000001525 | G30: PE19000001525 | H30: =VLOOKUP(C30,'[1]Bến Cát'!$E$4:$F$177,2,0) -> 11.182719444096016, 106.59273143893593 | I30: 1.1182719e+16 | J30: 1.0659273e+16 | K30: Lai Hưng 06 | L30: Bến Cát | M30: HT đầu đường LH 06 (VP KP cầu đôi) | N30: 01 - 02 | P30: 240 | Q30: =SUM(O30:P30) -> 240 | R30: T | S30: F | T30: F | U30: Thép | V30: Có | AA30: 7 | AC30: =SUM(W30:AB30) -> 7 | AD30: 7 | AG30: =SUM(AD30:AF30) -> 7 | AI30: 7 | AM30: =SUM(AH30:AL30) -> 7 | AN30: Nhôm | AO30: 3
A31: 1660 | B31: Trạm CS Lai Hưng 07 Trạm 2 | C31: 103295000 | D31: 21088680 | F31: =VLOOKUP(D31,'rà soát ĐK'!B24:C474,2,0) -> PB04090034459 | G31: PB04090034459 | H31: =VLOOKUP(C31,'[1]Bến Cát'!$E$4:$F$177,2,0) -> 11.17990189158302, 106.59075195800334 | I31: 1.1179902e+15 | J31: 1.0659075e+16 | K31: Lai Hưng 07 | L31: Bến Cát | M31: trước nhà số 202 cầu đôi | N31: 01 - 05 | P31: 440 | Q31: =SUM(O31:P31) -> 440 | R31: T | S31: F | T31: F | U31: Thép | V31: Có | AA31: 13 | AC31: =SUM(W31:AB31) -> 13 | AD31: 13 | AG31: =SUM(AD31:AF31) -> 13 | AI31: 13 | AM31: =SUM(AH31:AL31) -> 13 | AN31: Nhôm | AO31: 3
A32: 1660 | B32: Trạm CS Lai Hưng 07 Trạm 1 | C32: 103296000 | D32: 21088678 | F32: =VLOOKUP(D32,'rà soát ĐK'!B25:C475,2,0) -> PB04090034460 | G32: PB04090034460 | H32: =VLOOKUP(C32,'[1]Bến Cát'!$E$4:$F$177,2,0) -> 11.184604933846046, 106.5907333871618 | I32: 1.1184605e+16 | J32: 1.0659073e+15 | K32: Lai Hưng 07 | L32: Bến Cát | M32: trước nhà số 176 cầu đôi | N32: 01 - 03 | P32: 560 | Q32: =SUM(O32:P32) -> 560 | R32: T | S32: F | T32: F | U32: Thép | V32: Có | AA32: 15 | AC32: =SUM(W32:AB32) -> 15 | AD32: 15 | AG32: =SUM(AD32:AF32) -> 15 | AI32: 15 | AM32: =SUM(AH32:AL32) -> 15 | AN32: Nhôm | AO32: 3
A33: 1661 | B33: Trạm Cs Lai Hưng 08 | K33: Lai Hưng 08 | L33: Bến Cát | M33: trước nhà số 202 cầu đôi | R33: F | S33: F | T33: F | U33: Thép | V33: Có | AC33: =SUM(W33:AB33) -> 0 | AG33: =SUM(AD33:AF33) -> 0 | AM33: =SUM(AH33:AL33) -> 0 | AP33: chung tủ với trạm 2 đường Lai Hưng 07
A34: 1662 | B34: Trạm CS Lai Hưng 17 Trạm 1 | C34: 103303000 | D34: 251200039688 | F34: =VLOOKUP(D34,'rà soát ĐK'!B27:C477,2,0) -> PE19000001523 | G34: PE19000001523 | H34: =VLOOKUP(C34,'[1]Bến Cát'!$E$4:$F$177,2,0) -> 11.197482714421854, 106.5936836991825 | I34: 1.1197483e+16 | J34: 1.0659368e+15 | K34: Lai Hưng 17 | L34: Bến Cát | M34: Kế TT 03 Lai Hưng 17 | N34: 01 - 03 | P34: 720 | Q34: =SUM(O34:P34) -> 720 | R34: T | S34: F | T34: F | U34: Thép | V34: Có | AA34: 13 | AC34: =SUM(W34:AB34) -> 13 | AD34: 13 | AG34: =SUM(AD34:AF34) -> 13 | AI34: 13 | AM34: =SUM(AH34:AL34) -> 13 | AN34: Nhôm | AO34: 3
A35: 1662 | B35: Trạm CS Lai Hưng 16 Trạm 2 | C35: 103304000 | D35: 251200039689 | F35: =VLOOKUP(D35,'rà soát ĐK'!B28:C478,2,0) -> PE19000001515 | G35: PE19000001515 | H35: =VLOOKUP(C35,'[1]Bến Cát'!$E$4:$F$177,2,0) -> 11.201973968619724, 106.58679805094317 | I35: 1.1201974e+16 | J35: 1.065868e+16 | K35: Lai Hưng 17 | L35: Bến Cát | M35: HT 19 Lai Hưng 17 | N35: 01 - 03 | P35: 660 | Q35: =SUM(O35:P35) -> 660 | R35: T | S35: F | T35: F | U35: Thép | V35: Có | AA35: 13 | AC35: =SUM(W35:AB35) -> 13 | AD35: 13 | AG35: =SUM(AD35:AF35) -> 13 | AI35: 13 | AM35: =SUM(AH35:AL35) -> 13 | AN35: Nhôm | AO35: 3
A36: 1663 | B36: Trạm CS Lai hưng 19 Trạm 1 | C36: 103305000 | D36: 211100272508 | F36: =VLOOKUP(D36,'rà soát ĐK'!B29:C479,2,0) -> PB04090027212 | G36: PB04090027212 | H36: =VLOOKUP(C36,'[1]Bến Cát'!$E$4:$F$177,2,0) -> 11.197149664834384, 106.59455351680528 | I36: 1.119715e+16 | J36: 1.0659455e+16 | K36: Lai Hưng 19 | L36: Bến Cát | M36: TT01 Lai hưng 19 | N36: 01 - 02 | P36: 520 | Q36: =SUM(O36:P36) -> 520 | R36: F | S36: T | T36: F | U36: Thép | V36: Không | AA36: 12 | AC36: =SUM(W36:AB36) -> 12 | AD36: 12 | AG36: =SUM(AD36:AF36) -> 12 | AI36: 12 | AM36: =SUM(AH36:AL36) -> 12 | AN36: Nhôm | AO36: 2
A37: 1663 | B37: Trạm CS Lai Hưng 19 Trạm 2 | C37: 103306000 | D37: 22104988 | F37: =VLOOKUP(D37,'rà soát ĐK'!B30:C480,2,0) -> PB04090027213 | G37: PB04090027213 | H37: =VLOOKUP(C37,'[1]Bến Cát'!$E$4:$F$177,2,0) -> 11.199805179356652, 106.5985901230221 | I37: 1.1199805e+16 | J37: 1.0659859e+15 | K37: Lai Hưng 19 | L37: Bến Cát | M37: TT13 TBA 13 cầu đôi | N37: 01 - 02 | P37: 300 | Q37: =SUM(O37:P37) -> 300 | R37: F | S37: T | T37: F | U37: Thép | V37: Không | AA37: 6 | AC37: =SUM(W37:AB37) -> 6 | AD37: 6 | AG37: =SUM(AD37:AF37) -> 6 | AI37: 6 | AM37: =SUM(AH37:AL37) -> 6 | AN37: Nhôm | AO37: 2
A38: 1665 | B38: Trạm CS Lai Hưng 25 | C38: 103002000 | D38: 251200039416 | F38: =VLOOKUP(D38,'rà soát ĐK'!B31:C481,2,0) -> PE19000001522 | G38: PE19000001522 | H38: =VLOOKUP(C38,'[1]Bến Cát'!$E$4:$F$177,2,0) -> 11.1750138, 106.6003123 | I38: 111750138 | J38: 1066003123 | K38: Lai Hưng 25 | L38: Bến Cát | M38: không có SN | N38: 01 - 02 | P38: 160 | Q38: =SUM(O38:P38) -> 160 | R38: T | S38: F | T38: F | U38: Thép | V38: Có | AA38: 6 | AC38: =SUM(W38:AB38) -> 6 | AD38: 6 | AG38: =SUM(AD38:AF38) -> 6 | AI38: 6 | AM38: =SUM(AH38:AL38) -> 6 | AN38: Nhôm | AO38: 3
A39: 1666 | B39: Trạm Lai Hưng 28 | C39: 103292000 | D39: 21053017 | F39: =VLOOKUP(D39,'rà soát ĐK'!B32:C482,2,0) -> #N/A | H39: =VLOOKUP(C39,'[1]Bến Cát'!$E$4:$F$177,2,0) -> 11.185162113804571, 106.60584469699063 | I39: 1.1185162e+16 | J39: 1.0660584e+16 | K39: Lai Hưng 28 | L39: Bến Cát | M39: TTT 97T giáp QL13 | N39: 01 - 02 | P39: 360 | Q39: =SUM(O39:P39) -> 360 | R39: T | S39: F | T39: F | U39: Thép | V39: Có | AA39: 13 | AC39: =SUM(W39:AB39) -> 13 | AD39: 13 | AG39: =SUM(AD39:AF39) -> 13 | AI39: 13 | AM39: =SUM(AH39:AL39) -> 13 | AN39: Nhôm | AO39: 3
A40: 1667 | B40: Trạm CS Lai Hưng 29 Trạm 1 | C40: 103291000 | D40: 16115919 | F40: =VLOOKUP(D40,'rà soát ĐK'!B33:C483,2,0) -> #N/A | H40: =VLOOKUP(C40,'[1]Bến Cát'!$E$4:$F$177,2,0) -> 11.188994750811316, 106.60298969172811 | I40: 1.1188995e+16 | J40: 1.0660299e+16 | K40: Lai Hưng 29 | L40: Bến Cát | M40: TT 10 | N40: 01 - 03 | P40: 960 | Q40: =SUM(O40:P40) -> 960 | R40: T | S40: F | T40: F | U40: Thép | V40: Có | AA40: 25 | AC40: =SUM(W40:AB40) -> 25 | AD40: 25 | AG40: =SUM(AD40:AF40) -> 25 | AI40: 25 | AM40: =SUM(AH40:AL40) -> 25 | AN40: Nhôm | AO40: 3
A41: 1667 | B41: Trạm CS Lai Hưng 29 Trạm 2 | C41: 103290000 | D41: 1611597519 | F41: =VLOOKUP(D41,'rà soát ĐK'!B34:C484,2,0) -> PB04090037434 | G41: PB04090037434 | H41: =VLOOKUP(C41,'[1]Bến Cát'!$E$4:$F$177,2,0) -> 11.193802733915838, 106.60367812971268 | I41: 1.1193803e+16 | J41: 1.0660368e+16 | K41: Lai Hưng 29 | L41: Bến Cát | M41: TT 16 | N41: 01 - 03 | P41: 880 | Q41: =SUM(O41:P41) -> 880 | R41: T | S41: F | T41: F | U41: Thép | V41: Có | AA41: 23 | AC41: =SUM(W41:AB41) -> 23 | AD41: 23 | AG41: =SUM(AD41:AF41) -> 23 | AI41: 23 | AM41: =SUM(AH41:AL41) -> 23 | AN41: Nhôm | AO41: 3
A42: 1668 | B42: Trạm CS Lai Hưng 33 | C42: 103307000 | D42: 1511224248 | F42: =VLOOKUP(D42,'rà soát ĐK'!B35:C485,2,0) -> PB04090032546 | G42: PB04090032546 | H42: =VLOOKUP(C42,'[1]Bến Cát'!$E$4:$F$177,2,0) -> 11.195199682150925, 106.61367846998095 | I42: 1.11952e+16 | J42: 1.0661368e+16 | K42: Lai Hưng 33 | L42: Bến Cát | M42: TT T101P đầu đường LH 33 | N42: 01 - 02 | P42: 640 | Q42: =SUM(O42:P42) -> 640 | R42: T | S42: F | T42: F | U42: Thép | V42: Không | AA42: 16 | AC42: =SUM(W42:AB42) -> 16 | AD42: 16 | AG42: =SUM(AD42:AF42) -> 16 | AI42: 16 | AM42: =SUM(AH42:AL42) -> 16 | AN42: Nhôm | AO42: 3
A43: 1669 | B43: Trạm CS Lai Hưng 34 | C43: 100954000 | D43: 221100336723 | F43: =VLOOKUP(D43,'rà soát ĐK'!B36:C486,2,0) -> PB04090029034 | G43: PB04090029034 | H43: =VLOOKUP(C43,'[1]Bến Cát'!$E$4:$F$177,2,0) -> 11.19831480442755, 106.60706285371407 | I43: 1.1198315e+15 | J43: 1.0660706e+16 | K43: Lai Hưng 34 | L43: Bến Cát | M43: TT 07 | N43: 01 - 08 | P43: 960 | Q43: =SUM(O43:P43) -> 960 | R43: F | S43: T | T43: F | U43: Thép | V43: Có | AA43: 19 | AC43: =SUM(W43:AB43) -> 19 | AD43: 19 | AG43: =SUM(AD43:AF43) -> 19 | AI43: 19 | AM43: =SUM(AH43:AL43) -> 19 | AN43: Nhôm | AO43: 2 | AP43: Lai Hưng 35, 36, 38 chung trạm với Lai Hưng 34
A44: 1672 | B44: Trạm CS Lai Hưng 37 | C44: 103308000 | D44: 2321001395 | F44: =VLOOKUP(D44,'rà soát ĐK'!B37:C487,2,0) -> PB04090014587 | G44: PB04090014587 | H44: =VLOOKUP(C44,'[1]Bến Cát'!$E$4:$F$177,2,0) -> 11.198801286908605, 106.61761739931572 | I44: 1.1198801e+16 | J44: 1.0661762e+16 | K44: Lai Hưng 37 | L44: Bến Cát | M44: TT 01 trước cây xăng 213 | N44: 01 - 02 | P44: 240 | Q44: =SUM(O44:P44) -> 240 | R44: T | S44: F | T44: F | U44: Thép | V44: Có | AA44: 3 | AC44: =SUM(W44:AB44) -> 3 | AD44: 3 | AG44: =SUM(AD44:AF44) -> 3 | AI44: 3 | AM44: =SUM(AH44:AL44) -> 3 | AN44: Nhôm | AO44: 2
A45: 1673 | B45: Trạm CS Lai Hưng 38 | C45: 100955000 | D45: 21000592 | F45: =VLOOKUP(D45,'rà soát ĐK'!B38:C488,2,0) -> PB04090016715 | G45: PB04090016715 | H45: =VLOOKUP(C45,'[1]Bến Cát'!$E$4:$F$177,2,0) -> 11.199729374032994, 106.61044211233386 | I45: 1.1199729e+16 | J45: 1.0661044e+16 | K45: Lai Hưng 38 | L45: Bến Cát | M45: TT 12 | N45: 01 - 04 | P45: 1080 | Q45: =SUM(O45:P45) -> 1080 | R45: F | S45: T | T45: F | U45: Thép | V45: Không | Y45: 18 | AC45: =SUM(W45:AB45) -> 18 | AD45: 18 | AG45: =SUM(AD45:AF45) -> 18 | AI45: 18 | AM45: =SUM(AH45:AL45) -> 18 | AN45: Nhôm | AO45: 3
A46: 1674 | B46: Trạm CS Lai Hưng 39 | C46: 100958000 | D46: 221100045463 | F46: =VLOOKUP(D46,'rà soát ĐK'!B39:C489,2,0) -> PB04090023115 | G46: PB04090023115 | H46: =VLOOKUP(C46,'[1]Bến Cát'!$E$4:$F$177,2,0) -> 11.198095785377737, 106.6163873572497 | I46: 1.1198096e+16 | J46: 1.0661639e+15 | K46: Lai Hưng 39 | L46: Bến Cát | M46: HT 2-2 LH 38 | N46: 01 - 02 | P46: 300 | Q46: =SUM(O46:P46) -> 300 | R46: F | S46: T | T46: F | U46: Thép | V46: Có | Y46: 6 | AC46: =SUM(W46:AB46) -> 6 | AD46: 6 | AG46: =SUM(AD46:AF46) -> 6 | AI46: 6 | AM46: =SUM(AH46:AL46) -> 6 | AN46: Nhôm | AO46: 3
A47: 1675 | B47: Trạm CS Lai Hưng 40 | C47: 103288000 | D47: 21004891 | F47: =VLOOKUP(D47,'rà soát ĐK'!B40:C490,2,0) -> PB04090024889 | G47: PB04090024889 | H47: =VLOOKUP(C47,'[1]Bến Cát'!$E$4:$F$177,2,0) -> 11.199089579856205, 106.61563797238186 | I47: 1.119909e+16 | J47: 1.0661564e+16 | K47: Lai Hưng 40 | L47: Bến Cát | M47: trước SN 250 | N47: 01 - 03 | P47: 360 | Q47: =SUM(O47:P47) -> 360 | R47: F | S47: T | T47: F | U47: Thép | V47: Không | Y47: 9 | AC47: =SUM(W47:AB47) -> 9 | AD47: 9 | AG47: =SUM(AD47:AF47) -> 9 | AI47: 9 | AM47: =SUM(AH47:AL47) -> 9 | AN47: Nhôm | AO47: 3
A48: 1676 | B48: Trạm CS Lai Hưng 41 | K48: Lai Hưng 41 | L48: Bến Cát | M48: TT 12 | R48: F | S48: T | T48: F | U48: Thép | V48: Không | AC48: =SUM(W48:AB48) -> 0 | AG48: =SUM(AD48:AF48) -> 0 | AM48: =SUM(AH48:AL48) -> 0 | AP48: chung tủ với đường Lai Hưng 38
A49: 1677 | B49: Trạm Cs Lai Hưng 42 | C49: 103289000 | D49: 21085726 | F49: =VLOOKUP(D49,'rà soát ĐK'!B42:C492,2,0) -> PB04090024876 | G49: PB04090024876 | H49: =VLOOKUP(C49,'[1]Bến Cát'!$E$4:$F$177,2,0) -> 11.199635584744222, 106.61481817717878 | I49: 1.1199636e+16 | J49: 1.0661482e+16 | K49: Lai Hưng 42 | L49: Bến Cát | M49: SN 362 | N49: 01 - 03 | P49: 280 | Q49: =SUM(O49:P49) -> 280 | R49: F | S49: T | T49: F | U49: Thép | V49: Không | Y49: 8 | AC49: =SUM(W49:AB49) -> 8 | AD49: 8 | AG49: =SUM(AD49:AF49) -> 8 | AI49: 8 | AM49: =SUM(AH49:AL49) -> 8 | AN49: Nhôm | AO49: 3
A50: 1678 | B50: Trạm CS Lai Hưng 47 | C50: 100956000 | D50: 21082032 | F50: =VLOOKUP(D50,'rà soát ĐK'!B43:C493,2,0) -> PB04090024881 | G50: PB04090024881 | H50: =VLOOKUP(C50,'[1]Bến Cát'!$E$4:$F$177,2,0) -> 11.202428106513945, 106.61125359504113 | I50: 1.1202428e+16 | J50: 1.0661125e+16 | K50: Lai Hưng 47 | L50: Bến Cát | M50: HT nằm giữa TT 05 và 06 | N50: 01 - 04 | P50: 690 | Q50: =SUM(O50:P50) -> 690 | R50: F | S50: T | T50: F | U50: Thép | V50: Không | Y50: 20 | AC50: =SUM(W50:AB50) -> 20 | AD50: 20 | AG50: =SUM(AD50:AF50) -> 20 | AI50: 20 | AM50: =SUM(AH50:AL50) -> 20 | AN50: Nhôm | AO50: 3
A51: 1681 | B51: Trạm CS Lai Hưng 51 | C51: 103309000 | D51: 2321001411 | F51: =VLOOKUP(D51,'rà soát ĐK'!B44:C494,2,0) -> PB04090014585 | G51: PB04090014585 | H51: =VLOOKUP(C51,'[1]Bến Cát'!$E$4:$F$177,2,0) -> 11.201478680198349, 106.6203866380604 | I51: 1.1201479e+16 | J51: 1.0662039e+15 | K51: Lai Hưng 51 | L51: Bến Cát | M51: TT01 QL13 | N51: 01 - 02 | P51: 400 | Q51: =SUM(O51:P51) -> 400 | R51: F | S51: T | T51: F | U51: Thép | V51: Có | Y51: 11 | AC51: =SUM(W51:AB51) -> 11 | AD51: 11 | AG51: =SUM(AD51:AF51) -> 11 | AI51: 11 | AM51: =SUM(AH51:AL51) -> 11 | AN51: Nhôm | AO51: 2
A52: 1682 | B52: Trạm CS Lai Hưng 52 | C52: 100957000 | D52: 21110509 | F52: =VLOOKUP(D52,'rà soát ĐK'!B45:C495,2,0) -> PB04090024898 | G52: PB04090024898 | H52: =VLOOKUP(C52,'[1]Bến Cát'!$E$4:$F$177,2,0) -> 11.20381570430534, 106.61671671364954 | I52: 1.1203816e+15 | J52: 1.0661672e+16 | K52: Lai Hưng 52 | L52: Bến Cát | M52: SN 210 | N52: 01 - 03 | P52: 600 | Q52: =SUM(O52:P52) -> 600 | R52: F | S52: T | T52: F | U52: Thép | V52: Có | Y52: 15 | AC52: =SUM(W52:AB52) -> 15 | AD52: 14 | AG52: =SUM(AD52:AF52) -> 14 | AI52: 15 | AM52: =SUM(AH52:AL52) -> 15 | AN52: Nhôm | AO52: 3
A53: 1683 | B53: Trạm CS Lai Hưng 56 | C53: 100959000 | D53: 221100363223 | F53: =VLOOKUP(D53,'rà soát ĐK'!B46:C496,2,0) -> PB04090029040 | G53: PB04090029040 | H53: =VLOOKUP(C53,'[1]Bến Cát'!$E$4:$F$177,2,0) -> 11.211118987729726, 106.63329161786073 | I53: 1.1211119e+16 | J53: 1.0663329e+16 | K53: Lai Hưng 56 | L53: Bến Cát | M53: HT nằm giữa TT 07B và TT 08 | N53: 01 - 03 | P53: 840 | Q53: =SUM(O53:P53) -> 840 | R53: T | S53: F | T53: F | U53: Thép | V53: Có | AA53: 22 | AC53: =SUM(W53:AB53) -> 22 | AD53: 23 | AG53: =SUM(AD53:AF53) -> 23 | AI53: 23 | AM53: =SUM(AH53:AL53) -> 23 | AN53: Nhôm | AO53: 3
A54: 1684 | B54: Trạm CS Lai Hưng 58 | C54: 100960000 | D54: 21089012 | F54: =VLOOKUP(D54,'rà soát ĐK'!B47:C497,2,0) -> PB04090034462 | G54: PB04090034462 | H54: =VLOOKUP(C54,'[1]Bến Cát'!$E$4:$F$177,2,0) -> 11.21514822998833, 106.62525624259052 | I54: 1.1215148e+15 | J54: 1.0662526e+16 | K54: Lai Hưng 58 | L54: Bến Cát | M54: SN 24 tổ 2 | N54: 01 - 04 | P54: 1200 | Q54: =SUM(O54:P54) -> 1200 | R54: F | S54: T | T54: F | U54: Thép | V54: Có | AA54: 22 | AC54: =SUM(W54:AB54) -> 22 | AD54: 22 | AG54: =SUM(AD54:AF54) -> 22 | AI54: 22 | AM54: =SUM(AH54:AL54) -> 22 | AN54: Nhôm | AO54: 3
A55: 1684 | B55: Trạm CS Lai Hưng 58 Trạm 2 | C55: 102708000 | D55: 21088677 | F55: =VLOOKUP(D55,'rà soát ĐK'!B48:C498,2,0) -> PB04090034463 | G55: PB04090034463 | H55: =VLOOKUP(C55,'[1]Bến Cát'!$E$4:$F$177,2,0) -> 11.222841083965076, 106.62470507918331 | I55: 1.1222841e+16 | J55: 1.0662471e+16 | K55: Lai Hưng 58 | L55: Bến Cát | M55: HT thứ 3 đầu đường LH 58 | N55: 01 - 03 | P55: 300 | Q55: =SUM(O55:P55) -> 300 | R55: T | S55: F | T55: F | U55: Thép | V55: Có | AA55: 5 | AC55: =SUM(W55:AB55) -> 5 | AD55: 5 | AG55: =SUM(AD55:AF55) -> 5 | AI55: 5 | AM55: =SUM(AH55:AL55) -> 5 | AN55: Nhôm | AO55: 3
A56: 1686 | B56: Trạm CS Lai Hưng 62 | C56: 102709000 | D56: 2011526392 | F56: =VLOOKUP(D56,'rà soát ĐK'!B49:C499,2,0) -> PB04090029035 | G56: PB04090029035 | H56: =VLOOKUP(C56,'[1]Bến Cát'!$E$4:$F$177,2,0) -> 11.225416975317053, 106.62249173639752 | I56: 1.1225417e+16 | J56: 1.0662249e+16 | K56: Lai Hưng 62 | L56: Bến Cát | M56: HT đối diện nhà trọ Minh Hoài | N56: 01 - 03 | P56: 680 | Q56: =SUM(O56:P56) -> 680 | R56: F | S56: T | T56: F | U56: Thép | V56: Có | AA56: 18 | AC56: =SUM(W56:AB56) -> 18 | AD56: 18 | AG56: =SUM(AD56:AF56) -> 18 | AI56: 18 | AM56: =SUM(AH56:AL56) -> 18 | AN56: Nhôm | AO56: 2
A57: 1687 | B57: Trạm CS Lai Hưng 63 | C57: 102710000 | D57: 2011581182 | F57: =VLOOKUP(D57,'rà soát ĐK'!B50:C500,2,0) -> PB04090032545 | G57: PB04090032545 | H57: =VLOOKUP(C57,'[1]Bến Cát'!$E$4:$F$177,2,0) -> 11.22390560107937, 106.62245550842843 | I57: 1.1223906e+15 | J57: 1.0662246e+16 | K57: Lai Hưng 63 | L57: Bến Cát | M57: ngay trạm biến áp đầu đường LH 63 | N57: 01 - 03 | P57: 840 | Q57: =SUM(O57:P57) -> 840 | R57: F | S57: T | T57: F | U57: Thép | V57: Có | AA57: 23 | AC57: =SUM(W57:AB57) -> 23 | AD57: 23 | AG57: =SUM(AD57:AF57) -> 23 | AI57: 23 | AM57: =SUM(AH57:AL57) -> 23 | AN57: Nhôm | AO57: 3
A58: 1688 | B58: Trạm CS Lai Hưng 64 Trạm 1 | C58: 103310000 | D58: 21090156 | F58: =VLOOKUP(D58,'rà soát ĐK'!B51:C501,2,0) -> PB04090024939 | G58: PB04090024939 | H58: =VLOOKUP(C58,'[1]Bến Cát'!$E$4:$F$177,2,0) -> 11.227651676051519, 106.61857374436903 | I58: 1.1227652e+16 | J58: 1.0661857e+16 | K58: Lai Hưng 64 | L58: Bến Cát | M58: đối diện Lai Hưng 65 | N58: 01 - 04 | P58: 380 | Q58: =SUM(O58:P58) -> 380 | R58: T | S58: F | T58: F | U58: Thép | V58: Có | Y58: 10 | AC58: =SUM(W58:AB58) -> 10 | AD58: 10 | AG58: =SUM(AD58:AF58) -> 10 | AI58: 10 | AM58: =SUM(AH58:AL58) -> 10 | AN58: Nhôm | AO58: 2
A59: 1688 | B59: Trạm CS Lai Hưng 64 Trạm 2 | C59: 103311000 | D59: 21110047199 | F59: =VLOOKUP(D59,'rà soát ĐK'!B52:C502,2,0) -> #N/A | H59: =VLOOKUP(C59,'[1]Bến Cát'!$E$4:$F$177,2,0) -> 11.231844351090732, 106.61854740906254 | I59: 1.1231844e+16 | J59: 1.0661855e+16 | K59: Lai Hưng 64 | L59: Bến Cát | M59: kế bên Lai Hưng 176 | N59: 01 - 03 | P59: 140 | Q59: =SUM(O59:P59) -> 140 | R59: F | S59: T | T59: F | U59: Thép | V59: Không | Y59: 4 | AC59: =SUM(W59:AB59) -> 4 | AD59: 4 | AG59: =SUM(AD59:AF59) -> 4 | AI59: 4 | AM59: =SUM(AH59:AL59) -> 4 | AN59: Nhôm | AO59: 3
A60: 1689 | B60: Trạm CS Lai Hưng 68 | C60: 102714000 | D60: 21080714 | F60: =VLOOKUP(D60,'rà soát ĐK'!B53:C503,2,0) -> PB04090024941 | G60: PB04090024941 | H60: =VLOOKUP(C60,'[1]Bến Cát'!$E$4:$F$177,2,0) -> 11.222939468922949, 106.61890206943545 | I60: 1.1222939e+16 | J60: 1.066189e+16 | K60: Lai Hưng 68 | L60: Bến Cát | M60: HT 2/3 LH 68 | N60: 01 - 03 | P60: 700 | Q60: =SUM(O60:P60) -> 700 | R60: F | S60: T | T60: F | U60: Thép | V60: Có | Y60: 9 | AC60: =SUM(W60:AB60) -> 9 | AD60: 9 | AG60: =SUM(AD60:AF60) -> 9 | AI60: 9 | AM60: =SUM(AH60:AL60) -> 9 | AN60: Nhôm | AO60: 3
A61: 1690 | B61: Trạm CS Lai Hưng | C61: 102715000 | D61: 21088028 | F61: =VLOOKUP(D61,'rà soát ĐK'!B54:C504,2,0) -> PB04090024942 | G61: PB04090024942 | H61: =VLOOKUP(C61,'[1]Bến Cát'!$E$4:$F$177,2,0) -> 11.221985203582387, 106.61850303242397 | I61: 1.1221985e+16 | J61: 1.066185e+16 | K61: Lai Hưng | L61: Bến Cát | M61: SN 226 | N61: 01 - 05 | P61: 960 | Q61: =SUM(O61:P61) -> 960 | R61: F | S61: T | T61: F | U61: Thép | V61: Có | Y61: 15 | AA61: 3 | AC61: =SUM(W61:AB61) -> 18 | AD61: 18 | AG61: =SUM(AD61:AF61) -> 18 | AI61: 18 | AM61: =SUM(AH61:AL61) -> 18 | AN61: Nhôm | AO61: 3
A62: 1691 | B62: Trạm CS Lai Hưng 71 Trạm 1 | C62: 102711000 | D62: 211100047098 | F62: =VLOOKUP(D62,'rà soát ĐK'!B55:C505,2,0) -> PB04090024940 | G62: PB04090024940 | H62: =VLOOKUP(C62,'[1]Bến Cát'!$E$4:$F$177,2,0) -> 11.229727235731652, 106.61638354316342 | I62: 1.1229727e+16 | J62: 1.0661638e+16 | K62: Lai Hưng 71 | L62: Bến Cát | M62: kế TT 06 Lai Hưng 71 | N62: 01 - 05 | P62: 440 | Q62: =SUM(O62:P62) -> 440 | R62: F | S62: T | T62: F | U62: Thép | V62: Có | Y62: 12 | AC62: =SUM(W62:AB62) -> 12 | AD62: 12 | AG62: =SUM(AD62:AF62) -> 12 | AI62: 12 | AM62: =SUM(AH62:AL62) -> 12 | AN62: Nhôm | AO62: 3
A63: 1691 | B63: Trạm Cs Lai Hưng 71 Trạm 2 | C63: 102712000 | D63: 211100047094 | F63: =VLOOKUP(D63,'rà soát ĐK'!B56:C506,2,0) -> PB04090024944 | G63: PB04090024944 | H63: =VLOOKUP(C63,'[1]Bến Cát'!$E$4:$F$177,2,0) -> 11.231053478848585, 106.61675292062773 | I63: 1.1231053e+16 | J63: 1.0661675e+16 | K63: Lai Hưng 71 | L63: Bến Cát | M63: TT 10 | N63: 01 - 02 | P63: 160 | Q63: =SUM(O63:P63) -> 160 | R63: F | S63: T | T63: F | U63: Thép | V63: Không | Y63: 3 | AA63: 1 | AC63: =SUM(W63:AB63) -> 4 | AD63: 4 | AG63: =SUM(AD63:AF63) -> 4 | AI63: 4 | AM63: =SUM(AH63:AL63) -> 4 | AN63: Nhôm | AO63: 3
A64: 1692 | B64: Trạm CS Lai Hưng 73 | C64: 102713000 | D64: 211100272564 | F64: =VLOOKUP(D64,'rà soát ĐK'!B57:C507,2,0) -> PB04090029036 | G64: PB04090029036 | H64: =VLOOKUP(C64,'[1]Bến Cát'!$E$4:$F$177,2,0) -> 11.230938041676673, 106.61614310650617 | I64: 1.1230938e+16 | J64: 1.0661614e+16 | K64: Lai Hưng 73 | L64: Bến Cát | M64: HT trước Sn 278 | N64: 01 - 03 | P64: 400 | Q64: =SUM(O64:P64) -> 400 | R64: F | S64: T | T64: F | U64: Thép | V64: Có | AA64: 10 | AC64: =SUM(W64:AB64) -> 10 | AD64: 10 | AG64: =SUM(AD64:AF64) -> 10 | AI64: 10 | AM64: =SUM(AH64:AL64) -> 10 | AN64: Nhôm | AO64: 3
A65: 1694 | B65: Trạm CS Lai Hưng 93 Trạm 1 | C65: 102055000 | D65: 2211000315336 | F65: =VLOOKUP(D65,'rà soát ĐK'!B58:C508,2,0) -> #N/A | H65: =VLOOKUP(C65,'[1]Bến Cát'!$E$4:$F$177,2,0) -> 11.17869460788163, 106.6278175306701 | I65: 1.1178695e+15 | J65: 1.0662782e+15 | K65: Lai Hưng 93 | L65: Bến Cát | M65: ngay SN 278 | N65: 01 - 03 | P65: 560 | Q65: =SUM(O65:P65) -> 560 | R65: T | S65: F | T65: F | U65: Thép | V65: Có | AA65: 14 | AC65: =SUM(W65:AB65) -> 14 | AD65: 14 | AG65: =SUM(AD65:AF65) -> 14 | AI65: 14 | AM65: =SUM(AH65:AL65) -> 14 | AN65: Nhôm | AO65: 3
A66: 1694 | B66: Trạm CS Lai Hưng 93 Trạm 2 | C66: 102056000 | D66: 22408046 | F66: =VLOOKUP(D66,'rà soát ĐK'!B59:C509,2,0) -> PB04090029037 | G66: PB04090029037 | H66: =VLOOKUP(C66,'[1]Bến Cát'!$E$4:$F$177,2,0) -> 11.176811580781596, 106.62125025586383 | I66: 1.1176812e+16 | J66: 1.0662125e+16 | K66: Lai Hưng 93 | L66: Bến Cát | M66: đối diện TT 12 | N66: 01 - 04 | P66: 1200 | Q66: =SUM(O66:P66) -> 1200 | R66: F | S66: T | T66: F | U66: Thép | V66: Không | AA66: 33 | AC66: =SUM(W66:AB66) -> 33 | AD66: 33 | AG66: =SUM(AD66:AF66) -> 33 | AI66: 33 | AM66: =SUM(AH66:AL66) -> 33 | AN66: Nhôm | AO66: 3
A67: 1695 | B67: Trạm CS Lai Hưng 97 | C67: 100949000 | D67: 21058636 | F67: =VLOOKUP(D67,'rà soát ĐK'!B60:C510,2,0) -> PB04090037428 | G67: PB04090037428 | H67: =VLOOKUP(C67,'[1]Bến Cát'!$E$4:$F$177,2,0) -> 11.180862478412852, 106.61945084309234 | I67: 1.1180862e+16 | J67: 1.0661945e+16 | K67: Lai Hưng 97 | L67: Bến Cát | M67: HT kế TT 12 đường ĐH 601 | N67: 01 - 02 | P67: 480 | Q67: =SUM(O67:P67) -> 480 | R67: F | S67: T | T67: F | U67: Thép | V67: Có | AA67: 12 | AC67: =SUM(W67:AB67) -> 12 | AD67: 12 | AG67: =SUM(AD67:AF67) -> 12 | AI67: 12 | AM67: =SUM(AH67:AL67) -> 12 | AN67: Nhôm | AO67: 3
A68: 1696 | B68: Trạm CS Lai Hưng 99 | C68: 100948000 | D68: 25114326 | F68: =VLOOKUP(D68,'rà soát ĐK'!B61:C511,2,0) -> PE19000001517 | G68: PE19000001517 | H68: =VLOOKUP(C68,'[1]Bến Cát'!$E$4:$F$177,2,0) -> 11.181478294490885, 106.62015002821889 | I68: 1.1181478e+16 | J68: 1.0662015e+16 | K68: Lai Hưng 99 | L68: Bến Cát | M68: HT số 1 kế TT 13B Bến Tượng | N68: 01 - 02 | P68: 320 | Q68: =SUM(O68:P68) -> 320 | R68: T | S68: F | T68: F | U68: Thép | V68: Không | AA68: 8 | AC68: =SUM(W68:AB68) -> 8 | AD68: 8 | AG68: =SUM(AD68:AF68) -> 8 | AI68: 8 | AM68: =SUM(AH68:AL68) -> 8 | AN68: Nhôm | AO68: 3
A69: 1697 | B69: Trạm CS Lai Hưng 101 | C69: 100.947.00 | D69: 1511289146 | F69: =VLOOKUP(D69,'rà soát ĐK'!B62:C512,2,0) -> PB04090037426 | G69: PB04090037426 | H69: 11.184112687793789, 106.62161166256375 | I69: 1.1184113e+16 | J69: 1.0662161e+16 | K69: Lai Hưng 101 | L69: Bến Cát | M69: TT 17 | N69: 01 - 02 | P69: 600 | Q69: =SUM(O69:P69) -> 600 | R69: T | S69: F | T69: F | U69: Thép | V69: Có | AA69: 17 | AC69: =SUM(W69:AB69) -> 17 | AD69: 16 | AG69: =SUM(AD69:AF69) -> 16 | AI69: 17 | AM69: =SUM(AH69:AL69) -> 17 | AN69: Nhôm | AO69: 3
A70: 1699 | B70: Trạm CS Lai Hưng 115 | C70: 100946000 | D70: 1611266905 | F70: =VLOOKUP(D70,'rà soát ĐK'!B63:C513,2,0) -> PB04090037423 | G70: PB04090037423 | H70: =VLOOKUP(C70,'[1]Bến Cát'!$E$4:$F$177,2,0) -> 11.184723241798816, 106.62390803409622 | I70: 1.1184723e+16 | J70: 1.0662391e+16 | K70: Lai Hưng 115 | L70: Bến Cát | M70: TT 02B ĐH 601 | N70: 01 - 02 | P70: 1080 | Q70: =SUM(O70:P70) -> 1080 | R70: F | S70: T | T70: F | U70: Thép | V70: Có | AA70: 27 | AC70: =SUM(W70:AB70) -> 27 | AD70: 27 | AG70: =SUM(AD70:AF70) -> 27 | AI70: 27 | AM70: =SUM(AH70:AL70) -> 27 | AN70: Nhôm | AO70: 3
A71: 1700 | B71: Trạm CS Lai Hưng 119 Trạm 1 | C71: 102064000 | D71: 1511290191 | F71: =VLOOKUP(D71,'rà soát ĐK'!B64:C514,2,0) -> PB04090032549 | G71: PB04090032549 | H71: =VLOOKUP(C71,'[1]Bến Cát'!$E$4:$F$177,2,0) -> 11.184791635733395, 106.6239862301753 | I71: 1.1184792e+16 | J71: 1.0662399e+15 | K71: Lai Hưng 119 | L71: Bến Cát | M71: đàu đường Lai Hưng 119 | N71: 01 - 02 | P71: 400 | Q71: =SUM(O71:P71) -> 400 | R71: T | S71: F | T71: F | U71: Thép | V71: Có | AA71: 11 | AC71: =SUM(W71:AB71) -> 11 | AD71: 11 | AG71: =SUM(AD71:AF71) -> 11 | AI71: 11 | AM71: =SUM(AH71:AL71) -> 11 | AN71: Nhôm | AO71: 3
A72: 1700 | B72: Trạm CS Lai Hưng 119 Trạm 2 | C72: 102067000 | D72: 1511288265 | F72: =VLOOKUP(D72,'rà soát ĐK'!B65:C515,2,0) -> PB04090032550 | G72: PB04090032550 | H72: 11.190849789020323, 106.62848841647288 | I72: 1.119085e+16 | J72: 1.0662849e+16 | K72: Lai Hưng 119 | L72: Bến Cát | M72: TT 04 | N72: 01 - 03 | P72: 600 | Q72: =SUM(O72:P72) -> 600 | R72: F | S72: T | T72: F | U72: Thép | V72: Không | AA72: 16 | AC72: =SUM(W72:AB72) -> 16 | AD72: 16 | AG72: =SUM(AD72:AF72) -> 16 | AI72: 16 | AM72: =SUM(AH72:AL72) -> 16 | AN72: Nhôm | AO72: 3
A73: 1700 | B73: Trạm CS Lai Hưng 119 Trạm 3 | C73: 102068000 | D73: 1511230139 | F73: =VLOOKUP(D73,'rà soát ĐK'!B66:C516,2,0) -> PB04090032551 | G73: PB04090032551 | H73: =VLOOKUP(C73,'[1]Bến Cát'!$E$4:$F$177,2,0) -> 11.192900390217979, 106.63041645271332 | I73: 1.11929e+16 | J73: 1.0663042e+16 | K73: Lai Hưng 119 | L73: Bến Cát | M73: TT 06 | N73: 01 - 03 | P73: 680 | Q73: =SUM(O73:P73) -> 680 | R73: T | S73: F | T73: F | U73: Thép | V73: Không | AA73: 17 | AC73: =SUM(W73:AB73) -> 17 | AD73: 17 | AG73: =SUM(AD73:AF73) -> 17 | AI73: 17 | AM73: =SUM(AH73:AL73) -> 17 | AN73: Nhôm | AO73: 3
A74: 1701 | B74: Trạm CS Lai Hưng 124 | C74: 102071000 | D74: 221100065680 | F74: =VLOOKUP(D74,'rà soát ĐK'!B67:C517,2,0) -> PB04090037425 | G74: PB04090037425 | H74: =VLOOKUP(C74,'[1]Bến Cát'!$E$4:$F$177,2,0) -> 11.184099933653002, 106.62437546331435 | I74: 1.11841e+16 | J74: 1.0662438e+16 | K74: Lai Hưng 124 | L74: Bến Cát | M74: HT số 1 đường LH 124 | N74: 01 - 03 | P74: 160 | Q74: =SUM(O74:P74) -> 160 | R74: T | S74: F | T74: F | U74: Thép | V74: Có | AA74: 6 | AC74: =SUM(W74:AB74) -> 6 | AD74: 6 | AG74: =SUM(AD74:AF74) -> 6 | AI74: 6 | AM74: =SUM(AH74:AL74) -> 6 | AN74: Nhôm | AO74: 3
A75: 1702 | B75: Trạm CS Lai Hưng 125 Trạm 1 | C75: 102065000 | D75: 1511289244 | F75: =VLOOKUP(D75,'rà soát ĐK'!B68:C518,2,0) -> PB04090032547 | G75: PB04090032547 | H75: =VLOOKUP(C75,'[1]Bến Cát'!$E$4:$F$177,2,0) -> 11.184408873124928, 106.62454690093392 | I75: 1.1184409e+16 | J75: 1.0662455e+16 | K75: Lai Hưng 125 | L75: Bến Cát | M75: HT đầu đường Lai Hưng 125 | N75: 01 - 02 | P75: 850 | Q75: =SUM(O75:P75) -> 850 | R75: T | S75: F | T75: F | U75: Thép | V75: Có | AA75: 20 | AC75: =SUM(W75:AB75) -> 20 | AD75: 20 | AG75: =SUM(AD75:AF75) -> 20 | AI75: 20 | AM75: =SUM(AH75:AL75) -> 20 | AN75: Nhôm | AO75: 3
A76: 1702 | B76: Trạm CS Lai Hưng 125 Trạm 2 | C76: 102066000 | D76: 1511225111 | F76: =VLOOKUP(D76,'rà soát ĐK'!B69:C519,2,0) -> PB04090032548 | G76: PB04090032548 | H76: =VLOOKUP(C76,'[1]Bến Cát'!$E$4:$F$177,2,0) -> 11.191414203792698, 106.63021916784415 | I76: 1.1191414e+16 | J76: 1.0663022e+16 | K76: Lai Hưng 125 | L76: Bến Cát | M76: HT 1/1 Lai Hưng 125 | N76: 01 - 03 | P76: 540 | Q76: =SUM(O76:P76) -> 540 | R76: T | S76: F | T76: F | U76: Thép | V76: Không | AA76: 13 | AC76: =SUM(W76:AB76) -> 13 | AD76: 13 | AG76: =SUM(AD76:AF76) -> 13 | AI76: 13 | AM76: =SUM(AH76:AL76) -> 13 | AN76: Nhôm | AO76: 3
A77: 1704 | B77: Trạm CS Lai Hưng 127 Trạm 1 | C77: 102069000 | D77: 221100365149 | F77: =VLOOKUP(D77,'rà soát ĐK'!B70:C520,2,0) -> PB04090027207 | G77: PB04090027207 | H77: =VLOOKUP(C77,'[1]Bến Cát'!$E$4:$F$177,2,0) -> 11.18304788541824, 106.62576983256025 | I77: 1.1183048e+15 | J77: 1.0662577e+16 | K77: Lai Hưng 127 | L77: Bến Cát | M77: HT đầu đường Lai Hưng 127 | N77: 01 - 06 | P77: 945 | Q77: =SUM(O77:P77) -> 945 | R77: F | S77: T | T77: F | U77: Thép | V77: Có | AA77: 15 | AC77: =SUM(W77:AB77) -> 15 | AD77: 15 | AG77: =SUM(AD77:AF77) -> 15 | AI77: 15 | AM77: =SUM(AH77:AL77) -> 15 | AN77: Nhôm | AO77: 3
A78: 1704 | B78: Trạm CS Lai Hưng 127 Trạm 2 | C78: 102070000 | D78: 22408471 | F78: =VLOOKUP(D78,'rà soát ĐK'!B71:C521,2,0) -> PB04090032694 | G78: PB04090032694 | H78: =VLOOKUP(C78,'[1]Bến Cát'!$E$4:$F$177,2,0) -> 11.17678433440675, 106.62094545971433 | I78: 1.1176784e+15 | J78: 1.0662095e+16 | K78: Lai Hưng 127 | L78: Bến Cát | M78: TT đầu đường LH 127 giao với LH 93 | N78: 01 - 02 | P78: 320 | Q78: =SUM(O78:P78) -> 320 | R78: F | S78: T | T78: F | U78: Thép | V78: Không | AA78: 5 | AC78: =SUM(W78:AB78) -> 5 | AD78: 5 | AG78: =SUM(AD78:AF78) -> 5 | AI78: 5 | AM78: =SUM(AH78:AL78) -> 5 | AN78: Nhôm | AO78: 3
A79: 1705 | B79: Trạm CS Lai Hưng 129 | C79: 102063000 | D79: 221100365329 | F79: =VLOOKUP(D79,'rà soát ĐK'!B72:C522,2,0) -> PB04090029039 | G79: PB04090029039 | H79: =VLOOKUP(C79,'[1]Bến Cát'!$E$4:$F$177,2,0) -> 11.18673276802226, 106.62830232107365 | I79: 1.1186733e+15 | J79: 1.066283e+16 | K79: Lai Hưng 129 và Lai Hưng 105 | L79: Bến Cát | M79: HT 06B / 22 | N79: 01 - 06 | P79: 1215 | Q79: =SUM(O79:P79) -> 1215 | R79: T | S79: F | T79: F | U79: Thép | V79: Không | AA79: 31 | AC79: =SUM(W79:AB79) -> 31 | AD79: 31 | AG79: =SUM(AD79:AF79) -> 31 | AI79: 31 | AM79: =SUM(AH79:AL79) -> 31 | AN79: Nhôm | AO79: 3
A80: 1706 | B80: Trạm CS Lai Hưng 131 | C80: 102053000 | D80: 251200039414 | F80: =VLOOKUP(D80,'rà soát ĐK'!B73:C523,2,0) -> PE19000001520 | G80: PE19000001520 | H80: =VLOOKUP(C80,'[1]Bến Cát'!$E$4:$F$177,2,0) -> 11.179095260067124, 106.62389276244438 | I80: 1.1179095e+16 | J80: 1.0662389e+16 | K80: Lai Hưng 131 | L80: Bến Cát | M80: HT-giao giữa đường Lai Hưng 99 và Lai Hưng 131 | N80: 01 - 03 | P80: 840 | Q80: =SUM(O80:P80) -> 840 | R80: T | S80: F | T80: F | U80: Thép | V80: Không | AA80: 12 | AC80: =SUM(W80:AB80) -> 12 | AD80: 12 | AG80: =SUM(AD80:AF80) -> 12 | AI80: 12 | AM80: =SUM(AH80:AL80) -> 12 | AN80: Nhôm | AO80: 3
A81: 1707 | B81: Trạm CS Lai Hưng 132 Trạm 1 | C81: 102061000 | D81: 251200039417 | F81: =VLOOKUP(D81,'rà soát ĐK'!B74:C524,2,0) -> PE19000001516 | G81: PE19000001516 | H81: =VLOOKUP(C81,'[1]Bến Cát'!$E$4:$F$177,2,0) -> 11.182484457741387, 106.62715112197783 | I81: 1.1182484e+16 | J81: 1.0662715e+16 | K81: Lai Hưng 132 | L81: Bến Cát | M81: HT08 | N81: 01 - 02 | P81: 480 | Q81: =SUM(O81:P81) -> 480 | R81: T | S81: F | T81: F | U81: Thép | V81: Có | AA81: 9 | AC81: =SUM(W81:AB81) -> 9 | AD81: 9 | AG81: =SUM(AD81:AF81) -> 9 | AI81: 9 | AM81: =SUM(AH81:AL81) -> 9 | AN81: Nhôm | AO81: 3
A82: 1707 | B82: Trạm CS Lai Hưng 132 Trạm 2 | C82: 102062000 | D82: 251200039421 | F82: =VLOOKUP(D82,'rà soát ĐK'!B75:C525,2,0) -> PE19000001524 | G82: PE19000001524 | H82: =VLOOKUP(C82,'[1]Bến Cát'!$E$4:$F$177,2,0) -> 11.18838528387074, 106.63109407297449 | I82: 1.1188385e+15 | J82: 1.0663109e+16 | K82: Lai Hưng 132 | L82: Bến Cát | M82: HT giao với đường Lai Hưng 129 | N82: 01 - 02 | P82: 1040 | Q82: =SUM(O82:P82) -> 1040 | R82: T | S82: F | T82: F | U82: Thép | V82: Không | AA82: 14 | AC82: =SUM(W82:AB82) -> 14 | AD82: 14 | AG82: =SUM(AD82:AF82) -> 14 | AI82: 14 | AM82: =SUM(AH82:AL82) -> 14 | AN82: Nhôm | AO82: 3
A83: 1708 | B83: Trạm CS Lai Hưng 134 | C83: 102052000 | D83: 21001201 | F83: =VLOOKUP(D83,'rà soát ĐK'!B76:C526,2,0) -> #N/A | H83: =VLOOKUP(C83,'[1]Bến Cát'!$E$4:$F$177,2,0) -> 11.183175321419446, 106.62606501263701 | I83: 1.1183175e+16 | J83: 1.0662607e+16 | K83: ĐH 601 | L83: Bến Cát | M83: TT 01 ông Khương | N83: 01 - 02 | P83: 400 | Q83: =SUM(O83:P83) -> 400 | R83: F | S83: T | T83: F | U83: Thép | V83: Có | AA83: 10 | AC83: =SUM(W83:AB83) -> 10 | AD83: 10 | AG83: =SUM(AD83:AF83) -> 10 | AI83: 10 | AM83: =SUM(AH83:AL83) -> 10 | AN83: Nhôm | AO83: 3
A84: 1709 | B84: Trạm CS Lai Hưng 137 Trạm 1 | C84: 102057000 | D84: 221100336691 | F84: =VLOOKUP(D84,'rà soát ĐK'!B77:C527,2,0) -> PB04090027206 | G84: PB04090027206 | H84: =VLOOKUP(C84,'[1]Bến Cát'!$E$4:$F$177,2,0) -> 11.181500476818995, 106.62970151846514 | I84: 1.11815e+16 | J84: 1.066297e+16 | K84: Lai Hưng 137 | L84: Bến Cát | M84: TT 14 ông Khương đối diện SN 132 | N84: 01 - 03 | P84: 560 | Q84: =SUM(O84:P84) -> 560 | R84: F | S84: T | T84: F | U84: Thép | V84: Không | AA84: 12 | AC84: =SUM(W84:AB84) -> 12 | AD84: 12 | AG84: =SUM(AD84:AF84) -> 12 | AI84: 12 | AM84: =SUM(AH84:AL84) -> 12 | AN84: Nhôm | AO84: 2
A85: 1709 | B85: Trạm CS Lai Hưng 137 Trạm 2 | C85: 102058000 | D85: 221100315825 | F85: =VLOOKUP(D85,'rà soát ĐK'!B78:C528,2,0) -> PB04090027208 | G85: PB04090027208 | H85: =VLOOKUP(C85,'[1]Bến Cát'!$E$4:$F$177,2,0) -> 11.186277845514855, 106.64187243189245 | I85: 1.1186278e+16 | J85: 1.0664187e+16 | K85: Lai Hưng 137 | L85: Bến Cát | M85: HT 05H | N85: 01 - 03 | P85: 935 | Q85: =SUM(O85:P85) -> 935 | R85: F | S85: T | T85: F | U85: Thép | V85: Không | AA85: 18 | AC85: =SUM(W85:AB85) -> 18 | AD85: 18 | AG85: =SUM(AD85:AF85) -> 18 | AI85: 18 | AM85: =SUM(AH85:AL85) -> 18 | AN85: Nhôm | AO85: 2
A86: 1709 | B86: Trạm CS Lai Hưng 137 Trạm 3 | C86: 102059000 | D86: 221200041156 | F86: =VLOOKUP(D86,'rà soát ĐK'!B79:C529,2,0) -> PB04090027211 | G86: PB04090027211 | H86: =VLOOKUP(C86,'[1]Bến Cát'!$E$4:$F$177,2,0) -> 11.19066872315915, 106.64794286024285 | I86: 1.1190669e+15 | J86: 1.0664794e+16 | K86: Lai Hưng 137 | L86: Bến Cát | M86: nằm giữa TT 21 và TT 22 | N86: 01 - 03 | P86: 850 | Q86: =SUM(O86:P86) -> 850 | R86: F | S86: T | T86: F | U86: Thép | V86: Có | AA86: 17 | AC86: =SUM(W86:AB86) -> 17 | AD86: 17 | AG86: =SUM(AD86:AF86) -> 17 | AI86: 17 | AM86: =SUM(AH86:AL86) -> 17 | AN86: Nhôm | AO86: 2
A87: 1710 | B87: Trạm CS Lai Hưng 141 | C87: 102407000 | D87: 1611598810 | F87: =VLOOKUP(D87,'rà soát ĐK'!B80:C530,2,0) -> PB04090037424 | G87: PB04090037424 | H87: =VLOOKUP(C87,'[1]Bến Cát'!$E$4:$F$177,2,0) -> 11.179202522906118, 106.63190998342895 | I87: 1.1179203e+16 | J87: 1.0663191e+16 | K87: Lai Hưng 141 | L87: Bến Cát | M87: ngay đầu đường Liên Hưng 141 | N87: 01 - 02 | P87: 180 | Q87: =SUM(O87:P87) -> 180 | R87: T | S87: F | T87: F | U87: Thép | V87: Không | AA87: 6 | AC87: =SUM(W87:AB87) -> 6 | AD87: 6 | AG87: =SUM(AD87:AF87) -> 6 | AI87: 6 | AM87: =SUM(AH87:AL87) -> 6 | AN87: Nhôm | AO87: 3
A88: 1711 | B88: Trạm CS Lai Hưng 143 | C88: 102060000 | D88: 221100316103 | F88: =VLOOKUP(D88,'rà soát ĐK'!B81:C531,2,0) -> PB04090037429 | G88: PB04090037429 | H88: =VLOOKUP(C88,'[1]Bến Cát'!$E$4:$F$177,2,0) -> 11.191838198440674, 106.64259462865893 | I88: 1.1191838e+16 | J88: 1.0664259e+16 | K88: Lai Hưng 143 | L88: Bến Cát | M88: HT đầu đường Lai Hưng 143 | N88: 01 - 02 | P88: 520 | Q88: =SUM(O88:P88) -> 520 | R88: T | S88: F | T88: F | U88: Thép | V88: Có | AA88: 14 | AC88: =SUM(W88:AB88) -> 14 | AD88: 14 | AG88: =SUM(AD88:AF88) -> 14 | AI88: 14 | AM88: =SUM(AH88:AL88) -> 14 | AN88: Nhôm | AO88: 3
A89: 1712 | B89: Trạm CS Lai Hưng 144 Trạm 1 | C89: 100950000 | D89: 1511289930 | F89: =VLOOKUP(D89,'rà soát ĐK'!B82:C532,2,0) -> PB04090037430 | G89: PB04090037430 | H89: =VLOOKUP(C89,'[1]Bến Cát'!$E$4:$F$177,2,0) -> 11.188549287507353, 106.62487921019995 | I89: 1.1188549e+16 | J89: 1.0662488e+16 | K89: Lai Hưng 144 | L89: Bến Cát | M89: TT25 | N89: 01 - 05 | P89: 720 | Q89: =SUM(O89:P89) -> 720 | R89: T | S89: F | T89: F | U89: Thép | V89: Có | AA89: 23 | AC89: =SUM(W89:AB89) -> 23 | AD89: 23 | AG89: =SUM(AD89:AF89) -> 23 | AI89: 23 | AM89: =SUM(AH89:AL89) -> 23 | AN89: Nhôm | AO89: 3
A90: 1712 | B90: Trạm CS Lai Hưng 144 Trạm 2 | C90: 100651000 | D90: 221100364610 | F90: =VLOOKUP(D90,'rà soát ĐK'!B83:C533,2,0) -> PB04090037431 | G90: PB04090037431 | H90: =VLOOKUP(C90,'[1]Bến Cát'!$E$4:$F$177,2,0) -> #N/A | I90: #N/A | K90: Lai Hưng 144 | L90: Bến Cát | M90: TT 32B | N90: 01 - 03 | P90: 330 | Q90: =SUM(O90:P90) -> 330 | R90: T | S90: F | T90: F | U90: Thép | V90: Có | AA90: 12 | AC90: =SUM(W90:AB90) -> 12 | AD90: 12 | AG90: =SUM(AD90:AF90) -> 12 | AI90: 12 | AM90: =SUM(AH90:AL90) -> 12 | AN90: Nhôm | AO90: 3
A91: 1712 | B91: Trạm CS Lai Hưng 144 Trạm 3 | C91: 100952000 | D91: 2111000286009 | F91: =VLOOKUP(D91,'rà soát ĐK'!B84:C534,2,0) -> #N/A | H91: =VLOOKUP(C91,'[1]Bến Cát'!$E$4:$F$177,2,0) -> 11.194743865985078, 106.62940941651634 | I91: 1.1194744e+16 | J91: 1.0662941e+16 | K91: Lai Hưng 144 | L91: Bến Cát | M91: TT 36B | N91: 01 - 03 | P91: 210 | Q91: =SUM(O91:P91) -> 210 | R91: T | S91: F | T91: F | U91: Thép | V91: Có | AA91: 7 | AC91: =SUM(W91:AB91) -> 7 | AD91: 7 | AG91: =SUM(AD91:AF91) -> 7 | AI91: 7 | AM91: =SUM(AH91:AL91) -> 7 | AN91: Nhôm | AO91: 3
A92: 1713 | B92: Trạm CS nhà ông Phước Hiệp - Nguyễn Văn Phú | C92: 102155000 | D92: PB.80823 | F92: PB.80823 | G92: PB.80823 | H92: =VLOOKUP(C92,'[1]Bến Cát'!$E$4:$F$177,2,0) -> 11.150511296525957, 106.59954031848338 | I92: 1.1150511e+16 | J92: 1.0659954e+16 | K92: Mỹ Phước 104 | L92: Bến Cát | M92: SN 2/16 | N92: 01 - 04 | P92: 600 | Q92: =SUM(O92:P92) -> 600 | R92: F | S92: T | T92: F | U92: Thép | V92: Có | Y92: 1 | AA92: 18 | AC92: =SUM(W92:AB92) -> 19 | AD92: 18 | AG92: =SUM(AD92:AF92) -> 18 | AI92: 19 | AM92: =SUM(AH92:AL92) -> 19 | AN92: Nhôm | AO92: 2
A93: 1716 | B93: Trạm CS Mỹ Phước 102 | C93: 102477000 | D93: PB.06433 | F93: PB.06433 | G93: PB.06433 | H93: =VLOOKUP(C93,'[1]Bến Cát'!$E$4:$F$177,2,0) -> 11.1515782, 106.5995131 | I93: 111515782 | J93: 1065995131 | K93: Mỹ Phước 102 | L93: Bến Cát | M93: đầu đường Mỹ Phước 102 | N93: 01 - 02 | P93: 90 | Q93: =SUM(O93:P93) -> 90 | R93: F | S93: T | T93: F | U93: Thép | V93: Có | AA93: 3 | AC93: =SUM(W93:AB93) -> 3 | AD93: 3 | AG93: =SUM(AD93:AF93) -> 3 | AI93: 3 | AM93: =SUM(AH93:AL93) -> 3 | AN93: Nhôm | AO93: 3
A94: 1720 | B94: Trạm CS Mỹ Phước 92 | C94: 102733000 | D94: 241200012670 | F94: =VLOOKUP(D94,'rà soát ĐK'!B87:C537,2,0) -> #N/A | H94: =VLOOKUP(C94,'[1]Bến Cát'!$E$4:$F$177,2,0) -> 11.1526728, 106.6019373 | I94: 111526728 | J94: 1066019373 | K94: Mỹ Phước 92 | L94: Bến Cát | M94: trụ HT 1A1 CS01 | N94: 01 - 02 | P94: 70 | Q94: =SUM(O94:P94) -> 70 | R94: F | S94: T | T94: F | U94: Thép | V94: Có | AA94: 3 | AC94: =SUM(W94:AB94) -> 3 | AD94: 3 | AG94: =SUM(AD94:AF94) -> 3 | AI94: 3 | AM94: =SUM(AH94:AL94) -> 3 | AN94: Nhôm | AO94: 2
A95: 1721 | B95: Trạm CS Mỹ Phước 90 | C95: 102734000 | D95: PB.95518 | F95: PB.95518 | G95: PB.95518 | H95: =VLOOKUP(C95,'[1]Bến Cát'!$E$4:$F$177,2,0) -> 11.1528836, 106.6024231 | I95: 111528836 | J95: 1066024231 | K95: Mỹ Phước 90 | L95: Bến Cát | M95: trụ HT 8B SN66 | N95: 01 - 02 | P95: 75 | Q95: =SUM(O95:P95) -> 75 | R95: F | S95: T | T95: F | U95: Thép | V95: Không | AA95: 4 | AC95: =SUM(W95:AB95) -> 4 | AD95: 4 | AG95: =SUM(AD95:AF95) -> 4 | AI95: 4 | AM95: =SUM(AH95:AL95) -> 4 | AN95: Nhôm | AO95: 3
A96: 1724 | B96: Trạm CS đường 2/9 - KDC Hưng Phước (cotec) | C96: 100885000 | D96: 241200030669 | F96: =VLOOKUP(D96,'rà soát ĐK'!B89:C539,2,0) -> #N/A | H96: =VLOOKUP(C96,'[1]Bến Cát'!$E$4:$F$177,2,0) -> 11.1501617, 106.6190767 | I96: 111501617 | J96: 1066190767 | K96: Giáp đường 2/9 - KDC Hưng Phước | L96: Bến Cát | M96: đối diện SN 222/45/2 | N96: 01 - 03 | P96: 284 | Q96: =SUM(O96:P96) -> 284 | R96: T | S96: F | T96: F | U96: Thép | V96: Có | AA96: 11 | AC96: =SUM(W96:AB96) -> 11 | AD96: 11 | AG96: =SUM(AD96:AF96) -> 11 | AI96: 11 | AM96: =SUM(AH96:AL96) -> 11 | AN96: Nhôm | AO96: 3
A97: 1726 | B97: Trạm CS nhà ông Cảnh - Hai Sẳn | C97: 102154000 | D97: 131138843 | F97: =VLOOKUP(D97,'rà soát ĐK'!B90:C540,2,0) -> #N/A | H97: =VLOOKUP(C97,'[1]Bến Cát'!$E$4:$F$177,2,0) -> 11.15425811982715, 106.61412073981683 | I97: 1.1154258e+15 | J97: 1.0661412e+16 | K97: Mỹ Phước 109 | L97: Bến Cát | M97: HT 1-4/5 | N97: 01 - 04 | P97: 640 | Q97: =SUM(O97:P97) -> 640 | R97: F | S97: T | T97: F | U97: Thép | V97: Không | AA97: 19 | AC97: =SUM(W97:AB97) -> 19 | AD97: 19 | AG97: =SUM(AD97:AF97) -> 19 | AI97: 19 | AM97: =SUM(AH97:AL97) -> 19 | AN97: Nhôm | AO97: 3
A98: 1729 | B98: Trạm CS giáp đường Chà Vi (ông 6 xe-suối chà vi) | C98: 102160000 | D98: 1511084599 | F98: =VLOOKUP(D98,'rà soát ĐK'!B91:C541,2,0) -> PB04040086058 | G98: PB04040086058 | H98: =VLOOKUP(C98,'[1]Bến Cát'!$E$4:$F$177,2,0) -> 11.159274179144479, 106.59477740468068 | I98: 1.1159274e+16 | J98: 1.0659478e+16 | K98: Mỹ Phước 85 | L98: Bến Cát | M98: đầu đường 85 | N98: 01 - 02 | P98: 120 | Q98: =SUM(O98:P98) -> 120 | R98: F | S98: T | T98: F | U98: Thép | V98: Có | AA98: 4 | AC98: =SUM(W98:AB98) -> 4 | AD98: 4 | AG98: =SUM(AD98:AF98) -> 4 | AI98: 4 | AM98: =SUM(AH98:AL98) -> 4 | AN98: Nhôm | AO98: 2
A99: 1732 | B99: Trạm CS nhà ông 7 Lỳ nhà Bà Chiến | C99: 102232000 | D99: PB.04010031340 | F99: PB.04010031340 | G99: PB.04010031340 | H99: =VLOOKUP(C99,'[1]Bến Cát'!$E$4:$F$177,2,0) -> 11.1710443, 106.6013004 | I99: 111710443 | J99: 1066013004 | K99: Mỹ Phước 01 | L99: Bến Cát | M99: trụ HT 33A10 | N99: 01 - 03 | P99: 540 | Q99: =SUM(O99:P99) -> 540 | R99: F | S99: T | T99: F | U99: Thép | V99: Không | AA99: 19 | AC99: =SUM(W99:AB99) -> 19 | AD99: 19 | AG99: =SUM(AD99:AF99) -> 19 | AI99: 19 | AM99: =SUM(AH99:AL99) -> 19 | AN99: Nhôm | AO99: 3
A100: 1737 | B100: Trạm CS nhà ông Sáu Hiền | C100: 102479000 | D100: 76712 | F100: =VLOOKUP(D100,'rà soát ĐK'!B93:C543,2,0) -> #N/A | H100: =VLOOKUP(C100,'[1]Bến Cát'!$E$4:$F$177,2,0) -> 11.1512873, 106.5904045 | I100: 111512873 | J100: 1065904045 | K100: giáng đường hàng vú sữa | L100: Bến Cát | M100: SN 205 | N100: 01 - 02 | P100: 60 | Q100: =SUM(O100:P100) -> 60 | R100: F | S100: T | T100: F | U100: Thép | V100: Có | AA100: 3 | AC100: =SUM(W100:AB100) -> 3 | AD100: 3 | AG100: =SUM(AD100:AF100) -> 3 | AI100: 3 | AM100: =SUM(AH100:AL100) -> 3 | AN100: Nhôm | AO100: 2
A101: 1739 | B101: Trạm CS đình Bến Tranh | C101: 102227000 | D101: 76710 | F101: =VLOOKUP(D101,'rà soát ĐK'!B94:C544,2,0) -> #N/A | H101: =VLOOKUP(C101,'[1]Bến Cát'!$E$4:$F$177,2,0) -> 11.1414537, 106.5940153 | I101: 111414537 | J101: 1065940153 | K101: đường đình Bến Tranh | L101: Bến Cát | M101: SN 32 | N101: 01 - 03 | P101: 650 | Q101: =SUM(O101:P101) -> 650 | R101: F | S101: T | T101: F | U101: Thép | V101: Có | AA101: 19 | AC101: =SUM(W101:AB101) -> 19 | AD101: 19 | AG101: =SUM(AD101:AF101) -> 19 | AI101: 19 | AM101: =SUM(AH101:AL101) -> 19 | AN101: Nhôm | AO101: 2
A102: 1740 | B102: Trạm CS đầu đường 76 | C102: 102229000 | D102: 14009 | F102: =VLOOKUP(D102,'rà soát ĐK'!B95:C545,2,0) -> #N/A | H102: =VLOOKUP(C102,'[1]Bến Cát'!$E$4:$F$177,2,0) -> 11.1378854, 106.5998999 | I102: 111378854 | J102: 1065998999 | K102: cầu đường 76 | L102: Bến Cát | M102: đối diện SN 120 | N102: 01 - 03 | O102: 1600 | Q102: =SUM(O102:P102) -> 1600 | R102: F | S102: T | T102: F | U102: Thép | V102: Có | AA102: 40 | AC102: =SUM(W102:AB102) -> 40 | AE102: 40 | AG102: =SUM(AD102:AF102) -> 40 | AH102: 40 | AM102: =SUM(AH102:AL102) -> 40 | AN102: Đồng | AO102: 3
...

Sheet rà soát ĐK
A1: STT | B1: Số công tơ | C1: Mã khách nhàng | D1: Tên khách hàng | E1: Địa chỉ hóa đơn | F1: Địa chỉ điểm đo | G1: Mã địa chính | H1: Chiếu sáng chính quy | I1: Ghi chú | J1: Cáp | K1: Nợ tiền điện | L1: Tiền điện còn nợ
A2: 1 | B2: 241200275421 | C2: PB04040000251 | D2: Phòng Quản lý đô thị thành phố Bến Cát | E2: Khu phố 2, Phường Bến Cát, Thành phố Hồ Chí Minh, Việt Nam | F2: Trạm Thống Kê, Phường Bến Cát, Thành phố Hồ Chí Minh | G2: Phường Bến Cát | I2: Led Nổi | K2: =IF(L2="","",IF(L2<>0,1,0)) -> 1 | L2: 5837106
A3: 2 | B3: 1511024550 | C3: PB04040035444 | D3: Phòng Quản lý đô thị thành phố Bến Cát | E3: Khu phố 2, Phường Bến Cát, Thành phố Hồ Chí Minh | F3: Trạm KDC Lò Đường, Phường Bến Cát, Thành phố Hồ Chí Minh | G3: Phường Bến Cát | H3: Đèn đường | I3: Led/Nổi | K3: =IF(L3="","",IF(L3<>0,1,0)) -> 1 | L3: 750073
A4: 3 | B4: 221100364297 | C4: PB04040019467 | D4: Phòng Quản lý đô thị thành phố Bến Cát | E4: Khu phố 2, Phường Bến Cát, Thành phố Hồ Chí Minh, Việt Nam | F4: Trạm Lò Đường, Phường Bến Cát, Thành phố Hồ Chí Minh | G4: Phường Bến Cát | H4: Đèn đường | I4: HPS/Ngầm | K4: =IF(L4="","",IF(L4<>0,1,0)) -> 1 | L4: 3202234
A5: 4 | B5: 25405540 | C5: PB04040015442 | D5: Phòng Quản lý đô thị thành phố Bến Cát | E5: Khu phố 2, Phường Bến Cát, Thành phố Hồ Chí Minh | F5: Trạm 1 KDC MP1, Phường Bến Cát, Thành phố Hồ Chí Minh | G5: Phường Bến Cát | H5: Đèn đường | I5: Led/Nổi | K5: =IF(L5="","",IF(L5<>0,1,0)) -> 1 | L5: 5024527
A6: 5 | B6: 251200007558 | C6: PB04040018288 | D6: Phòng Quản lý đô thị thành phố Bến Cát | E6: Khu phố 2, Phường Bến Cát, Thành phố Hồ Chí Minh | F6: Trạm 2 KTĐC MP2, Phường Bến Cát, Thành phố Hồ Chí Minh | G6: Phường Bến Cát | H6: Đèn đường | I6: Led/Nổi | K6: =IF(L6="","",IF(L6<>0,1,0)) -> 1 | L6: 5440433
A7: 6 | B7: 19775931 | C7: PB04040040305 | D7: Phòng Quản lý đô thị thành phố Bến Cát | E7: Khu phố 2, Phường Bến Cát, Thành phố Hồ Chí Minh | F7: Trạm Chiếu Sáng Ấp Mới, Phường Bến Cát, Thành phố Hồ Chí Minh | G7: Phường Bến Cát | K7: =IF(L7="","",IF(L7<>0,1,0)) -> 1 | L7: 15979920
A8: 7 | B8: 22000659 | C8: PB04040016649 | D8: Phòng Quản lý đô thị thành phố Bến Cát | E8: Khu phố 2, Phường Bến Cát, Thành phố Hồ Chí Minh, Việt Nam | F8: Trạm Chiếu Sáng CT2, Phường Bến Cát, Thành phố Hồ Chí Minh | G8: Phường Bến Cát | H8: Đèn đường | I8: Led/Ngầm | K8: =IF(L8="","",IF(L8<>0,1,0)) -> 1 | L8: 21350634
A9: 8 | B9: 25901723 | C9: PB04040098381 | D9: Phòng Quản lý đô thị thành phố Bến Cát | E9: Khu phố 2, Phường Bến Cát, Thành phố Hồ Chí Minh, Việt Nam | F9: Trụ 07/II2+1-DT hh Nr Bến Tranh 1 Tuyến 471 Tổng Dù Trạm CS Cầu Đò 2 (I.15), Phường Bến Cát, Thành phố Hồ Chí Minh | G9: Phường Bến Cát | K9: =IF(L9="","",IF(L9<>0,1,0)) -> 1 | L9: 2319937
A10: 9 | B10: 25907029 | C10: PB04040098379 | D10: Phòng Quản lý đô thị thành phố Bến Cát | E10: Khu phố 2, Phường Bến Cát, Thành phố Hồ Chí Minh, Việt Nam | F10: Trụ 08/PI T+1-DT hh Nr An Điền Thùng Thơ Tuyến 472 Chú Lường Trạm CS Cầu Đò 1 (I.15), Phường Bến Cát, Thành phố Hồ Chí Minh | G10: Phường Bến Cát | H10: Đèn đường | I10: Led/Ngầm | K10: =IF(L10="","",IF(L10<>0,1,0)) -> 1 | L10: 6851628
A11: 10 | B11: 19774343 | C11: PB04040051514 | D11: Phòng Quản lý đô thị thành phố Bến Cát | E11: Khu phố 2, Phường Bến Cát, Thành phố Hồ Chí Minh | F11: Trạm Chiếu Sáng Cống Bà Phủ, Phường Bến Cát, Thành phố Hồ Chí Minh | G11: Phường Bến Cát | H11: Đèn đường | I11: NO 25901633 | K11: =IF(L11="","",IF(L11<>0,1,0)) -> 1 | L11: 9219647
A12: 11 | B12: 20418062 | C12: PB04040007290 | D12: Phòng Quản lý đô thị thành phố Bến Cát | E12: Khu phố 2, Phường Bến Cát, Thành phố Hồ Chí Minh | F12: Trạm Chiếu Sáng lộ 7B, Phường Bến Cát, Thành phố Hồ Chí Minh | G12: Phường Bến Cát | H12: Đèn đường | I12: Led/Ngầm | K12: =IF(L12="","",IF(L12<>0,1,0)) -> 1 | L12: 8993663
A13: 12 | B13: 20418297 | C13: PB04040046588 | D13: Phòng Quản lý đô thị thành phố Bến Cát | E13: Khu phố 2, Phường Bến Cát, Thành phố Hồ Chí Minh, Việt Nam | F13: Khu phố 2, Phường Bến Cát, Thành phố Hồ Chí Minh | G13: Phường Bến Cát | K13: =IF(L13="","",IF(L13<>0,1,0)) -> 0 | L13: 0
A14: 13 | B14: 20396595 | C14: PB04040007291 | D14: Phòng Quản lý Đô thị Thị xã Bến Cát | E14: Khu phố 2, Phường Bến Cát, Thành phố Hồ Chí Minh | F14: Khu phố 2, Phường Bến Cát, Thành phố Hồ Chí Minh | G14: Phường Bến Cát | H14: Đèn đường | I14: Led/Ngầm | K14: =IF(L14="","",IF(L14<>0,1,0)) -> 1 | L14: 2257431
A15: 14 | B15: 2510411112 | C15: PB04040000825 | D15: Phòng Quản lý đô thị thành phố Bến Cát | E15: Khu phố 2, Phường Bến Cát, Thành phố Hồ Chí Minh | F15: Trạm VP UBND, Phường Bến Cát, Thành phố Hồ Chí Minh | G15: Phường Bến Cát | H15: Đèn đường | I15: Led/Ngầm | K15: =IF(L15="","",IF(L15<>0,1,0)) -> 1 | L15: 7385334
A16: 15 | B16: 1511033107 | C16: PB04040064027 | D16: Phòng Quản lý Đô thị Thị xã Bến Cát | E16: Khu phố 2, Phường Bến Cát, Thành phố Hồ Chí Minh | F16: Khu phố 2, Phường Bến Cát, Thành phố Hồ Chí Minh | G16: Phường Bến Cát | K16: =IF(L16="","",IF(L16<>0,1,0)) -> 0 | L16: 0
A17: 16 | B17: 241200149406 | C17: PB04040012738 | D17: Phòng Quản lý đô thị thành phố Bến Cát | E17: Khu phố 2, Phường Bến Cát, Thành phố Hồ Chí Minh, Việt Nam | F17: Trạm VP UBND, Phường Bến Cát, Thành phố Hồ Chí Minh | G17: Phường Bến Cát | H17: Đèn đường | K17: =IF(L17="","",IF(L17<>0,1,0)) -> 1 | L17: 11967510
A18: 17 | B18: 18110173326 | C18: PB04040097198 | D18: Phòng Quản lý Đô thị Thị xã Bến Cát | E18: Khu phố 2, Phường Bến Cát, Thành phố Hồ Chí Minh, Việt Nam | F18: Trụ 08 Trạm KDC Hàng Vú Sữa, Phường Bến Cát, Thành phố Hồ Chí Minh | G18: Phường Bến Cát | I18: Chưa tìm ra tủ sử dụng điện kế | K18: =IF(L18="","",IF(L18<>0,1,0)) -> 1 | L18: 3122900
A19: 18 | B19: 241200030890 | C19: PB04040081065 | D19: Phòng Quản lý Đô thị Thị xã Bến Cát | E19: Khu phố 2, Phường Bến Cát, Thành phố Hồ Chí Minh | F19: Mỹ Phước, Phường Bến Cát, Thành phố Hồ Chí Minh | G19: Phường Bến Cát | H19: đèn công viên tượng đài bến cát | K19: =IF(L19="","",IF(L19<>0,1,0)) -> 1 | L19: 3877781
A20: 19 | B20: 221100320895 | C20: PB04040073205 | D20: Phòng Quản lý đô thị thành phố Bến Cát | E20: Khu phố 2, Phường Bến Cát, Thành phố Hồ Chí Minh | F20: Trạm KDC Hàng vú Sữa, Phường Bến Cát, Thành phố Hồ Chí Minh | G20: Phường Bến Cát | H20: Đèn đường | K20: =IF(L20="","",IF(L20<>0,1,0)) -> 1 | L20: 2918553
A21: 20 | B21: 1511111865 | C21: PB04040073216 | D21: Phòng Quản lý đô thị thành phố Bến Cát | E21: Khu phố 2, Phường Bến Cát, Thành phố Hồ Chí Minh, Việt Nam | F21: Trạm KDC Hàng vú Sữa, Phường Bến Cát, Thành phố Hồ Chí Minh | G21: Phường Bến Cát | H21: Đèn pha chiếu sáng quảng trường bến cát | K21: =IF(L21="","",IF(L21<>0,1,0)) -> 1 | L21: 6964619
A22: 21 | B22: 231100106050 | C22: PB04040053485 | D22: Phòng Quản lý đô thị thành phố Bến Cát | E22: Khu phố 2, Phường Bến Cát, Thành phố Hồ Chí Minh | F22: Trạm Cầu Quan, Phường Bến Cát, Thành phố Hồ Chí Minh | G22: Phường Bến Cát | I22: Led/Nổi | K22: =IF(L22="","",IF(L22<>0,1,0)) -> 1 | L22: 2704590
A23: 22 | B23: 241200009091 | C23: PB04040090506 | D23: Phòng Quản lý đô thị Bến Cát | E23: Phường Mỹ PhướcTX.Bến Cát, Phường Bến Cát, Thành phố Hồ Chí Minh | F23: Trụ 1A1/1 Trạm 2 KDC MP3, Phường Bến Cát, Thành phố Hồ Chí Minh | G23: Phường Bến Cát | H23: Đèn đường | I23: HPS/Nổi | K23: =IF(L23="","",IF(L23<>0,1,0)) -> 1 | L23: 4745654
A24: 23 | B24: 1611024210 | C24: PB04040062734 | D24: Phòng Quản lý đô thị thành phố Bến Cát | E24: Khu phố 2, Phường Bến Cát, Thành phố Hồ Chí Minh | F24: Trạm 3 KDC MP3, Phường Bến Cát, Thành phố Hồ Chí Minh | G24: Phường Bến Cát | H24: Đèn đường | I24: HPS/Nổi | K24: =IF(L24="","",IF(L24<>0,1,0)) -> 1 | L24: 6120788
A25: 24 | B25: 251200035315 | C25: PB04040005256 | D25: Phòng Quản lý đô thị thành phố Bến Cát | E25: Khu phố 2, Phường Bến Cát, Thành phố Hồ Chí Minh | F25: Trạm Nguyễn Văn Lên, Phường Bến Cát, Thành phố Hồ Chí Minh | G25: Phường Bến Cát | H25: Đèn đường | I25: Led/Nổi | K25: =IF(L25="","",IF(L25<>0,1,0)) -> 1 | L25: 4115785
A26: 25 | B26: 221200043429 | C26: PB04040015283 | D26: Phòng Quản lý đô thị thành phố Bến Cát | E26: Khu phố 2, Phường Bến Cát, Thành phố Hồ Chí Minh | F26: Trạm KDC Hàng vú Sữa, Phường Bến Cát, Thành phố Hồ Chí Minh | G26: Phường Bến Cát | H26: Đèn đường | I26: Led/Ngầm | K26: =IF(L26="","",IF(L26<>0,1,0)) -> 1 | L26: 701992
A27: 26 | B27: 17506965 | C27: PB04040005200 | D27: Phòng Quản lý đô thị thành phố Bến Cát | E27: Khu phố 2, Phường Bến Cát, Thành phố Hồ Chí Minh, Việt Nam | F27: Trạm Vật Tư, Phường Bến Cát, Thành phố Hồ Chí Minh | G27: Phường Bến Cát | H27: Đèn đường | I27: Led/Nổi | K27: =IF(L27="","",IF(L27<>0,1,0)) -> 1 | L27: 4959617
A28: 27 | B28: 1611167757 | C28: PB04040069917 | D28: Phòng Quản lý đô thị thành phố Bến Cát | E28: Khu phố 2, Phường Bến Cát, Thành phố Hồ Chí Minh | F28: Trạm TĐC Vườn Tiêu, Phường Bến Cát, Thành phố Hồ Chí Minh | G28: Phường Bến Cát | I28: Led Nổi | K28: =IF(L28="","",IF(L28<>0,1,0)) -> 1 | L28: 5084629
A29: 28 | B29: 18110171440 | C29: PB04040000252 | D29: Phòng Quản lý đô thị thành phố Bến Cát | E29: Khu phố 2, Phường Bến Cát, Thành phố Hồ Chí Minh | F29: Trạm 163 Kiến An, Phường Bến Cát, Thành phố Hồ Chí Minh | G29: Phường Bến Cát | H29: Đèn đường | I29: Led/Ngầm | K29: =IF(L29="","",IF(L29<>0,1,0)) -> 1 | L29: 5514960
A30: 29 | B30: 1511030471 | C30: PB04040097197 | D30: Phòng Quản lý Đô thị Thị xã Bến Cát | E30: Khu phố 2, Phường Bến Cát, Thành phố Hồ Chí Minh, Việt Nam | F30: Tủ T2/MSB 2-4 Trạm 2 TTVH Bến Cát, Phường Bến Cát, Thành phố Hồ Chí Minh | G30: Phường Bến Cát | K30: =IF(L30="","",IF(L30<>0,1,0)) -> 0 | L30: 0
A31: 30 | B31: 221100377149 | C31: PB04040079705 | D31: Phòng Quản lý đô thị thành phố Bến Cát | E31: Khu phố 2, Phường Bến Cát, Thành phố Hồ Chí Minh | F31: Trạm Cầu Quan, Phường Bến Cát, Thành phố Hồ Chí Minh | G31: Phường Bến Cát | H31: Đèn đa sắc vòng xoay bến cát | K31: =IF(L31="","",IF(L31<>0,1,0)) -> 0 | L31: 0
A32: 31 | B32: 231100094113 | C32: PB04040080809 | D32: UBND Phường Mỹ Phước | E32: Trụ 1A- 2 Trạm 07 Bến Tranh, Phường Bến Cát, Thành phố Hồ Chí Minh | F32: Trụ 1A- 2 Trạm 07 Bến Tranh, Phường Bến Cát, Thành phố Hồ Chí Minh | G32: Phường Bến Cát | I32: Không có điện kế (Loa phường) | K32: =IF(L32="","",IF(L32<>0,1,0)) -> 1 | L32: 7212
A33: 32 | B33: 17210076055 | C33: PB04040076710 | D33: UBND Phường Mỹ Phước | E33: phường Mỹ Phước, Thị, Phường Bến Cát, Thành phố Hồ Chí Minh | F33: Mỹ Phước, Phường Bến Cát, Thành phố Hồ Chí Minh | G33: Phường Bến Cát | H33: Đèn đường | I33: Led/Nổi | K33: =IF(L33="","",IF(L33<>0,1,0)) -> 1 | L33: 4925961
A34: 33 | B34: 221100314008 | C34: PB04040076711 | D34: UBND Phường Mỹ Phước | E34: phường Mỹ Phước, Thị, Phường Bến Cát, Thành phố Hồ Chí Minh | F34: Mỹ Phước, Phường Bến Cát, Thành phố Hồ Chí Minh | G34: Phường Bến Cát | H34: Đèn đường | I34: Led/Ngầm | K34: =IF(L34="","",IF(L34<>0,1,0)) -> 1 | L34: 9234071
A35: 34 | B35: 241200130819 | C35: PB04040095513 | D35: UBND phường Mỹ Phước | E35: Phường Mỹ Phước, Thị, Phường Bến Cát, Thành phố Hồ Chí Minh, Việt Nam | F35: Trụ 05 Trạm Bến Tranh 2, Phường Bến Cát, Thành phố Hồ Chí Minh | G35: Phường Bến Cát | I35: Không có điện kế | K35: =IF(L35="","",IF(L35<>0,1,0)) -> 1 | L35: 2315130
A36: 35 | B36: 221100036831 | C36: PB04040094586 | D36: UBND phường Mỹ Phước | E36: Khu phố 2, Phường Bến Cát, Thành phố Hồ Chí Minh, Việt Nam | F36: Trụ 1A-3 Trạm Thống Kê, Phường Bến Cát, Thành phố Hồ Chí Minh | G36: Phường Bến Cát | K36: =IF(L36="","",IF(L36<>0,1,0)) -> 1 | L36: 7318019
A37: 36 | B37: 1611083770 | C37: PB04040094066 | D37: UBND phường Mỹ Phước | E37: Trụ 2.2-1 Trạm Thống Kê, Phường Bến Cát, Thành phố Hồ Chí Minh | F37: Trụ 2.2-1 Trạm Thống Kê, Phường Bến Cát, Thành phố Hồ Chí Minh | G37: Phường Bến Cát | I37: Đèn compat dân lập (không có tủ đk) | K37: =IF(L37="","",IF(L37<>0,1,0)) -> 0 | L37: 0
A38: 37 | B38: 241200289115 | C38: PB04040080810 | D38: UBND Phường Mỹ Phước | E38: Trụ 2A-1 Trạm Ngân Hàng Trạm Ngân Hàng, Phường Bến Cát, Thành phố Hồ Chí Minh | F38: Trụ 2A-1 Trạm KDC Lò Đường, Phường Bến Cát, Thành phố Hồ Chí Minh | G38: Phường Bến Cát | I38: Không tìm thấy điện kế | K38: =IF(L38="","",IF(L38<>0,1,0)) -> 1 | L38: 5231278
A39: 38 | B39: 221100371743 | C39: PB04040076223 | D39: Văn phòng Khu Phố 2 Phường Mỹ Phước | E39: Trụ 1A-2Trạm KDC Lò Đường, Phường Bến Cát, Thành phố Hồ Chí Minh | F39: Trụ 1A-2 Trạm KDC Lò Đường, Phường Bến Cát, Thành phố Hồ Chí Minh | G39: Phường Bến Cát | I39: Không tìm thấy điện kế | K39: =IF(L39="","",IF(L39<>0,1,0)) -> 0 | L39: 0
A40: 39 | B40: 211100046026 | C40: PB04040091639 | D40: UBND phường Mỹ Phước | E40: Phường Mỹ PhướcThị, Phường Bến Cát, Thành phố Hồ Chí Minh | F40: Trụ 2A-3 Trạm KDC Lò Đường, Phường Bến Cát, Thành phố Hồ Chí Minh | G40: Phường Bến Cát | K40: =IF(L40="","",IF(L40<>0,1,0)) -> 0 | L40: 0
A41: 40 | B41: 1511025368 | C41: PB04040080818 | D41: UBND Phường Mỹ Phước | E41: Trụ 3-6 Trạm Lò Đường, Phường Bến Cát, Thành phố Hồ Chí Minh | F41: Trụ 3-6 Trạm Lò Đường, Phường Bến Cát, Thành phố Hồ Chí Minh | G41: Phường Bến Cát | H41: Đèn đường | I41: Led/Nổi | K41: =IF(L41="","",IF(L41<>0,1,0)) -> 1 | L41: 5255319
A42: 41 | B42: 1411187017 | C42: PB04040080821 | D42: UBND Phường Mỹ Phước | E42: Quốc lộ 13, Khu phố 4, Phường Bến Cát, Thành phố Hồ Chí Minh | F42: Trụ 1B2/2 Trạm Lò Đường, Phường Bến Cát, Thành phố Hồ Chí Minh | G42: Phường Bến Cát | H42: Đèn đường | I42: Led/Nổi | K42: =IF(L42="","",IF(L42<>0,1,0)) -> 1 | L42: 1553036
A43: 42 | B43: 251200072347 | C43: PE19000001249 | D43: Phòng Kinh tế, Hạ tầng và Đô thị phường Bến Cát | E43: Số 257, đường 30/4, Khu Phố Mỹ Phước, Phường Bến Cát, Thành Phố Hồ Chí Minh | F43: Trụ 02 Trạm Lò Đường | G43: Phường Bến Cát | H43: Đèn đường | I43: Led/Nổi | K43: =IF(L43="","",IF(L43<>0,1,0)) -> 1 | L43: 382249
A44: 43 | B44: 221100359672 | C44: PB04040019527 | D44: Công ty Cổ Phần Phát Triển Hạ Tầng Kỹ Thuật | E44: Số 230 Đại lộ Bình Dương, Phường Phú Lợi, Thành phố Hồ Chí Minh, Việt Nam | F44: Số 230 Đại lộ Bình Dương, Phường Phú Lợi, Thành phố Hồ Chí Minh, Việt Nam | G44: Phường Bến Cát | I44: Becamax IIC | K44: =IF(L44="","",IF(L44<>0,1,0)) -> 0 | L44: 0
A45: 44 | B45: 221100379490 | C45: PB04040019725 | D45: Công ty Cổ Phần Phát Triển Hạ Tầng Kỹ Thuật | E45: Số 230 Đại lộ Bình Dương, Phường Phú Lợi, Thành phố Hồ Chí Minh, Việt Nam | F45: Số 230 Đại lộ Bình Dương, Phường Phú Lợi, Thành phố Hồ Chí Minh, Việt Nam | G45: Phường Bến Cát | I45: Becamax IIC | K45: =IF(L45="","",IF(L45<>0,1,0)) -> 0 | L45: 0
A46: 45 | B46: 241200012670 | C46: PB04040092252 | D46: UBND phường Mỹ Phước | E46: Phường Bến Cát, Thành phố Hồ Chí Minh | F46: Trụ 1A-1 Trạm Bơm Đồi 29, Phường Bến Cát, Thành phố Hồ Chí Minh | G46: Phường Bến Cát | H46: Đèn đường | I46: Led/Nổi | K46: =IF(L46="","",IF(L46<>0,1,0)) -> 1 | L46: 665930
A47: 46 | B47: 241200012668 | C47: PB04040095518 | D47: UBND phường Mỹ Phước | E47: Phường Bến Cát, Thành phố Hồ Chí Minh | F47: Trụ 08 Trạm Bơm Đồi 29, Phường Bến Cát, Thành phố Hồ Chí Minh | G47: Phường Bến Cát | H47: Đèn đường | I47: Led/Nổi | K47: =IF(L47="","",IF(L47<>0,1,0)) -> 1 | L47: 1103473
A48: 47 | B48: 251200035212 | C48: PE19000001802 | D48: Phòng Kinh tế, Hạ tầng và Đô thị Phường Bến Cát | E48: Số 257, đường 30/4, Khu Phố Mỹ Phước, Phường Bến Cát, Thành phố Hồ Chí Minh | F48: Trụ 1A-4 Trạm Bơm Đồi 29, Phường Bến Cát, Thành phố Hồ Chí Minh | G48: Phường Bến Cát | H48: Đèn đường | I48: Led/Nổi | K48: =IF(L48="","",IF(L48<>0,1,0)) -> 1 | L48: 1230889
